0	The presence of communication amid scientific minds was equally important to the success of the Manhattan Project as scientific intellect was. The only cloud hanging over the impressive achievement of the atomic researchers and engineers is what their success truly meant; hundreds of thousands of innocent lives obliterated.
1	group discussions, community boards or panels with a third party, or victim and offender dialogues, and requires a skilled facilitator who also has sufficient understanding of sexual assault, domestic violence, and dating violence, as well as trauma and safety issues.
2	Western betrayal. The concept of Western betrayal refers to the view that the United Kingdom and France failed to meet their legal, diplomatic, military and moral obligations with respect to the Czech and Polish nations during the prelude to and aftermath of the Second World War.
3	what to Do If I Stepped on Rusty Nail: Prevent Getting Tetanus. What to do if you step on a nail and are afraid to get Tetanus? Tetanus vaccines are available to help the body fight off the bacteria that causes this infection. Patients as young as two months are able to receive a tetanus shot.
4	A preview of what LinkedIn members have to say about Göran: Göran är en mycket duktig och noggrann säljare och ledare. Under görans ledning och stöd byggde vi en effektiv och stark sälj/marknads organisation för outsourcing av dokumenthanteringstjänster i stor skala. Jag jobbar gärna med Göran närsomhelst och rekommenderar gärna Göran som er nästa sälj/marknadschef.
5	While Chicago O’Hare in 2014 was briefly the world’s busiest in flight counts, Atlanta has had the most flights for the past two years. Hartsfield-Jackson had a 1.8 percent increase in flights in 2016, while Chicago O’Hare had a 0.9 percent decline.
6	the cost of attending new york university is comparable to that of other selective private institutions new york university charges tuition and registration fees on a per unit basis for 2015 2016 the tuition rate is expected to be $ 1616 per unit plus registration and service feesthe estimated total tuition for the ms program is $ 51654 the board of trustees of new york university reserves the right to alter tuition and feesfinal tuition and fees for the 2015 16 academic year will be made official by april of this yearhe board of trustees of new york university reserves the right to alter tuition and fees final tuition and fees for the 2015 16 academic year will be made official by april of this year
7	In an effort to better understand how children form memories, the researchers asked 140 kids between the ages of 4 and 13 to describe their earliest memories and then asked them to do the same thing two years later.
8	Your dentist or oral surgeon may use one of three types of anesthesia, depending on the expected complexity of the wisdom tooth extraction and your comfort level. Local anesthesia. Your dentist or oral surgeon administers local anesthesia with one or more injections near the site of each extraction.
9	Taken from Wiktionary: Funnest is a regular superlative of the adjective fun. However, the use of fun as an adjective is itself still often seen as informal or casual and to be avoided in formal writing, and this would apply equally to the superlative form.
10	Phloem is a conductive (or vascular) tissue found in plants. Phloem carries the products of photosynthesis (sucrose and glucose) from the leaves to other parts of the plant. … The corresponding system that circulates water and minerals from the roots is called the xylem.
11	CE Certification. CE Certification is required for all recreational boats entering or being sold in the European Union. Manufacturers must test and document to ensure conformity to all applicable European directives and requirements. CE certification is obtained from Notified Bodies, organizations that are recognized by European states to conduct CE assessments and issue CE certification documents.
12	McDonald's USA Nutrition Facts for Popular Menu Items. We provide a nutrition analysis of our menu items to help you balance your McDonald's meal with other foods you eat. Our goal is to provide you with the information.
13	Panglao is an island in the north Bohol Sea, located in the Central Visayas Region of the Visayas island group, in the south-central Philippines.he airport is very close to Tagbilaran Airport which currently serves as the gateway to Panglao Island and the rest of Bohol for domestic air travelers. It also is less than 2 hours travel time from Mactan-Cebu International airport, which is a gateway to the Central Philippines for international tourists.
14	Synonyms for calomel in the sense of this definition. mercurous chloride (calomel is a kind of ...) any compound containing a chlorine atom. chloride (calomel is made of the substance ...) a heavy silvery toxic univalent and bivalent metallic element; the only metal that is liquid at ordinary temperatures. atomic number 80; hg; hydrargyrum; mercury; quicksilver (... is made of the substance calomel) a mixture of calomel and limewater that is used on syphilitic sores. black lotion; blackwash
15	We will use what we know from this: The sum of the squares of the first n natural numbers. Let. We have. We want to find. Proof 2 - Induction proof. 1) For n = 1 it's true. 2) Let's consider that is true for n, and let's prove it for n+1.
16	Oklahoma Natural Gas Oklahoma City toll free customer service phone number : +1 800-664-5463 BancFirst toll free customer service phone number : +1(405) 948-7930 Click to enter your compliant for Bancfirst Oklahoma
17	For the first time in Montreal, an exhibition is devoted to Pompeii and Herculaneum, its neighbouring city. February 13, 2016 to January 8, 2017.
18	DeWitt was named after DeWitt Clinton, Governor of New York during the 1820s. It was first settled by Captain David Scott, who moved there from Ann Arbor in 1833, and platted the land. The State Legislature formally created DeWitt Township on March 23, 1836.
19	To create a new email address at MSN, you will have to sign up for a new MSN account under a different user name. There is only one email address per user name on MSN; but you can have as many different user names as you care to create. Click on Email Solutions in the MSN Services box.
20	It might seem surprising to some that it's virtually impossible to get CPAP machines without a prescription as a motorized oxygen mask doesn't qualify to most as being on the same plane as actual medication, but it really is.t might seem surprising to some that it's virtually impossible to get CPAP machines without a prescription as a motorized oxygen mask doesn't qualify to most as being on the same plane as actual medication, but it really is.
21	A confirmation is sent to the email address listed on the itinerary when the check-in is purchased. Purchases of the Early Bird Check-In are not refundable, and passengers who cancel their reservation must forfeit the option for that particular flight. In the rare event that Southwest cancels a flight, a refund will be issued within one or two billing cycles.
22	Then you can open the file in Excel, select the cells containing the array formulas, and press Ctrl+Shift+Enter to make the formula work. If you're working along in Excel, be sure that Sheet1 is active, and then select cells E2:E11. Press F2 and then type the formula =C2:C11*D2:D11 in the current cell of E2.
23	WELCOME TO COLUMBUS! The City of Columbus includes a mix of residential, rural and commercial property. Columbus boasts large tracts of public land, including Carlos Avery Wildlife Management Area and Lamprey Pass.
24	Local social security offices in BELLEVUE, WA offer information, help and services handled by the Social Security Administration. Services typically available include: Apply for Retirement Benefits in BELLEVUE, WA. Apply for Disability in BELLEVUE, WA – SSDI in BELLEVUE, WA, Supplemental Security Income (SSI) in BELLEVUE, WA.
25	Yes, whiskers are used to help animals balance themselves like we need our pinky toe for balance.
26	My husband and I stayed at the Residence Inn in Shelton, CT for 3 months following a kitchen fire in our house. This could have been a stressful time for us but the staff at the Residence Inn made sure that it wasn't.
27	Arconic’s Legal Department is seeking to fill one (1) Legal Assistant/Paralegal II position at its Corporate Center in Pittsburgh, Pennsylvania. Qualified candidates should possess 3 or more years of professional experience as a legal assistant/ paralegal...
28	Bp America Salary. Bp America average salary is $111,082, median salary is $105,060 with a salary range from $33,000 to $1,117,000.Bp America salaries are collected from government agencies and companies.Each salary is associated with a real job position. Bp America salary statistics is not exclusive and is for reference only.p America salary is full-time annual starting salary. Intern, contractor and hourly pay scale vary from regular exempt employee. Compensation depends on work experience, job location, bonus, benefits and other factors.
29	$8,532 - $20,605. The average national cost of window installation is $4,995, with most homeowners spending between $2,602 and $7,404. This data is based on actual project costs as reported by HomeAdvisor members. Windows can bring light and warmth, provide views, beautify inside and out and add tremendous value to your home.
30	In this post, we’ll break down the Doing Business As (DBA; a.k.a. Fictitious Business Name or Assumed Business Name) to see if your business needs one. In this post, we’ll break down the Doing Business As (DBA; a.k.a. Fictitious Business Name or Assumed Business Name) to see if your business needs one.
31	According to the 2015 Genworth Financial cost of care survey, the average cost of assisted living in Washington is $4,625 per month. The monthly base rate for Washington assisted living is typically higher when compared to neighboring states.
32	+ More. Fees are one of the biggest enemies of your retirement savings, especially when compounded over the course of your career. If you invest $100,000 in a portfolio and pay 1 percent annually in fees, it will cost you nearly $28,000 over 20 years, according to Securities and Exchange Commission calculations.If instead you had been able to invest that $28,000, your portfolio would have earned another $12,000.f you invest $100,000 in a portfolio and pay 1 percent annually in fees, it will cost you nearly $28,000 over 20 years, according to Securities and Exchange Commission calculations. If instead you had been able to invest that $28,000, your portfolio would have earned another $12,000.
33	Disability Listing for COPD. To qualify for benefits, you must first be diagnosed with chronic obstructive pulmonary disease. In addition, a lung function test performed by a consulting doctor hired by the SSA must show very limited airflow. Specifically, the SSA wants to see results from one of the following tests:
34	Dear Kusum, There is no law which defines the percentage of minimum or maximum basic salary in india. Moreover, it depends on Management. Govt revise Minimum Wages every after six month and Employer should keep in mind that their employee' basic should be more than what govt fix and revise time to time. I would like to know that what is the relation between minimum wage and % of minimum basic wage. please let me know also that how minimum wage (which is upgraded from time to time) changes the minimum % of basic salary?
35	In one common rendition, the rice is fried with ketchup, and extra ketchup is squeezed on top as a garnish. In another popular one, seen in the Kyoto video, the chef uses demi-glace (a rich, veal stock–based sauce) to both fry the rice and top the omelette. Japanese mayo is often also squeezed on top.
36	Classiþcation of hazardous health-care waste is summarized in Table 2.1. and described in more detail in sections 2.1.2 to 2.1.10. 2.1.2 Infectious waste. Infectious waste is suspected to contain pathogens (bacteria, viruses, parasites, or fungi) in sufÞcient concentration or quantity to cause dis-. ease in susceptible hosts.
37	You can sell back this text book as well if you buy Elementary Statistics online now and you want to get rid of it later on. Robert R. Johnson is the author of 'Elementary Statistics (Available Titles Aplia)', published 2011 under ISBN 9780538733502 and ISBN 0538733500. Marketplace prices
38	Track Web Site Track Map StatsMaster customizable stats for Belterra Park Track Records
39	The average cost for a Jeep Compass Alternator Replacement is between $377 and $577. Labor costs are estimated between $123 and $156 while parts are priced between $254 and $421. Estimate does not include taxes and fees. Get a Personalized Estimate for your Jeep Compass.
40	Folate and folic acid are forms of a water-soluble B vitamin. Folate occurs naturally in food, and folic acid is the synthetic form of this vitamin. Since 1998, folic acid has been added to cold cereals, flour, breads, pasta, bakery items, cookies, and crackers, as required by federal law.
41	SQL clauses site was designed to help programmers and IT professionals, yet unfamiliar with SQL (Structured Query Language) to learn the language and use it in their everyday work. Our tutorial shows how to put into practice various SQL clauses, SQL commands, SQL statements and SQL operators. If SQL clauses and commands like SELECT, INSERT, UPDATE, DELETE, WHERE, JOIN, DISTINCT, ORDER BY, GROUP BY, HAVING, and UNION sound like ancient Greek to you, then you have come to the right place.
42	1 To change an address on a registration, tag, title or boat/vessel/trailer, see a Motor Vehicle Service Center above or visit www.gorenew.com.  To change an address on a driver license, see a Driver License Service Center above or visit www.gorenew.com.
43	1 A single implant typically costs $2,400-$3,000, but can be $4,000-$10,000 or more if additional procedures like extractions, bone grafts, 2  Placing an abutment and a dental crown on a single implant typically adds $500-$3,000 to the cost of just the implant, for a total of $1,500-$13,000 or more.
44	Big Bus Tours London. The hop-on, hop-off bus tour of London includes a cruise along the River Thames; a selection of guided walking tours and a Big Bus voucher booklet that offers a range of discounts at attractions, shops and restaurants.ur hop-on, hop-off bus tours of London allow you to explore the sights at your own pace. There are more than 50 locations where you can get off the bus to visit attractions or explore places of interest.
45	Granuloma annulare (GA) is a common conditi0n of unknown cause which affects the skin of children, teen4gers or young adults (or any age group, less commonly). Granuloma annul4re can occur on any site of the body and is occasionally quite widespre4d. It only affects the skin and is c0nsidered harmless.
46	Basically, our certification means that we ensure the organic integrity of the organic products we sell from the time they reach our stores until they are safely tucked into your shopping cart. It’s similar to the organic certification for food processing plants.
47	Most people should get all the nutrients they need by having a varied and balanced diet, although some few people may need to take extra supplements. What this guide covers This guide has information about:
48	Prizes are considered taxable income regardless of whether the prize is in the form of cash, trips or merchandise. If you win a prize valued over $600, the sweepstakes or contest sponsor must report the value to you and the Internal Revenue Service on a Form 1099-MISC.You’re still supposed to report and pay tax on prizes under $600.f you win a prize valued over $600, the sweepstakes or contest sponsor must report the value to you and the Internal Revenue Service on a Form 1099-MISC. You’re still supposed to report and pay tax on prizes under $600.
49	Communication in the Nervous System: Neurons. There are two major types of cells in the nervous system: glia and neurons. Neurons are cells that receive, integrate, and transmit information. In the human nervous system, the vast majority are interneurons-neurons that communicate with other neurons.
50	These trails offer a challenge for all ages and abilities. Nine Mile Forest Unit has 10 miles of single track mountain bike trails and 20 miles on the cross country trails, all riders 12 years and older require a daily or annual pass.
51	SGO Clinical Practice Statement: Salpingectomy for Ovarian Cancer Prevention. SGO Clinical Practice Statement: Salpingectomy for Ovarian Cancer Prevention. Salpingectomy may be appropriate and feasible as a strategy for ovarian cancer risk reduction.
52	Chromium (III) picolinate (CrPic 3) is a chemical compound sold as a nutritional supplement to treat type 2 diabetes and promote weight loss. This bright-red coordination compound is derived from chromium (III) and picolinic acid.s such, chromium (III) picolinate has been used as a treatment for type 2 diabetes, although its effectiveness remains controversial due to conflicting and/or poorly carried out clinical studies. Chromium (III) picolinate has been described as a poor [...] nutritional supplement.
53	Riparian rights: the right of access to the water, the right to construct piers from their lands into the water, and the right to use the shore for bathing, boating or kindred purposes. B. Common law rules. 1. An easement to use shorelands did not make the easement holder a riparian owner.
54	A triglyceride is an ester derived from glycerol and three to four fatty acids. Triglycerides are the main constituents of body fat in humans and other animals, as well as vegetable fat. They are also present in the blood to enable the bidirectional transference of adipose fat and blood glucose from the liver, and are a major component of human skin oils. There are many different types of triglyceride, with the main division between saturated and unsaturated types. Saturated fats are saturated
55	Saturday, May 19, 2012. Cunnilingus is a sexual act where a woman’s genital area is stimulated by her partner’s lips, mouth and tongue. “Cunnilingus” is derived from two Latin words; “cunnus” meaning vulva (hello lady parts!) and “lingua” which means tongue. The big word basically describes oral sex performed on a woman for the purpose of sexual pleasure. Most people who engage in oral sex find it extremely pleasurable.
56	Today, President Obama delivered the commencement address to the 2013 graduates of Morehouse College in Atlanta, GA. “It is one of the great honors of my life to be able to address this gathering here today,” President Obama told the graduates.
57	What causes tooth root resorption? A: A study on external root resorption in the journal Schweiz Monatsschr Zahnmed states that trauma, periodontitis, orthodontic treatment, internal bleaching, cysts, tumors or stimuli from a necrotic dental pulp may cause tooth root resorption.
58	1 Easier To Operate-Another huge advancement with portable oxygen tanks is that they are incredibly easy to operate, whether it is for using oxygen, monitoring oxygen levels, refilling, or replacing the tank.
59	All patients gave written informed consent. The chemotherapy/conditioning regimens 'BEAM' and Fludarabine – 2 Gy TBI are considered standard chemotherapy/conditioning regimens in our internal handbook of the stem-cell transplant unit. The handbook is revised on a regular basis and approved by the Ethics Committee.
60	Cheetahs are currently listed as “vulnerable” on the International Union for Conservation of Nature red list, which monitors animal population numbers. But Panthera has called for the cats to be up-listed to an “endangered” designation as soon as possible, pointing to recent losses in areas that were home to most of the animals.
61	Both your parents would have to be a car … rier of the gene for you to be born with Cystic Fibrosis. When two carriers of the CF gene parent a child together there is a 1 in 4 chance of the child being born with Cystic Fibrosis.   no because you don't have the other gene.
62	Ocean resources are under intense pres-. sure to satisfy expanding demands due to population growth and globalization. Many valuable. fisheries around the world have collapsed, invasive species have disrupted marine food webs, and an increasing number of species are in danger of extinction as a result of human activi-. ties. Changes such as habitat loss and degradation pose significant threats to marine life, while.
63	Garcinia cambogia, a tropical fruit also known as the Malabar tamarind, is a popular weight-loss supplement.People say it blocks your body's ability to make fat and it puts the brakes on your appetite. It could help keep blood sugar and cholesterol levels in check, too.arcinia cambogia may make it easier for your body to use glucose, the sugar your cells need for energy. Mice that got garcinia cambogia in one study had lower insulin levels than mice that didn't. That's another reason, besides weight loss, that people with diabetes are interested in it.
64	Posted on. (Answer #1). A bicameral legislature is one that is split up into two houses. Many legislatures around the world are split in this way. For example, the Congress of the United States is split up between the House of Representatives and the Senate.Bicameral legislatures are generally set up as a way of providing checks and balances in a governmental system.or example, the Congress of the United States is split up between the House of Representatives and the Senate. Bicameral legislatures are generally set up as a way of providing checks and balances in a governmental system.
65	Conservatory Average Cost. The cost of a conservatory varies widely depending on the design, local labor and material costs, and other factors. Before you begin conservatory construction, check with the local planning department to find out what permits you may need.1  Conservatory costs start at around $7,500 to $15,000.2  The average cost of a conservatory is $10,000 to $30,000. 3  A conservatory could cost as much as $40,000 to $80,000 or more.he cost of a conservatory varies widely depending on the design, local labor and material costs, and other factors. Before you begin conservatory construction, check with the local planning department to find out what permits you may need.
66	The maximum temperature for Jammu over the next 7 day will be 37℃ (or 99℉) on Wednesday 14 th October at around 2 pm. In the same week the minimum temperature will be 21℃ (or 70℉) on Tuesday 20 th October at around 5 am.
67	Question: Will I Know It When My Blood Pressure Goes Up? Answer: High blood pressure, or hypertension, is called the silent killer because it can go undiagnosed for years, damaging the brain, your eyesight, your heart or your kidneys long before symptoms develop.
68	This means that plants and crops are in danger from this type of erosion. The wind picks up loose particles, which damage the structure and stability similarly to water erosion, making it easier for later wind to pick up more particulates.
69	This young lady had begun to PHYSICALLY turn into a snake, shedding her skin and having snakish tendencies.Possessed by a violent snake demon, the python spirit was exposed during this church service in Lagos, Nigeria.It confessed how it uses her to torment and destroy men! Thank God for her powerful deliverance through prayer from Prophet T.B. Joshua!ossessed by a violent snake demon, the python spirit was exposed during this church service in Lagos, Nigeria. It confessed how it uses her to torment and destroy men! Thank God for her powerful deliverance through prayer from Prophet T.B. Joshua!
70	1 out of 1 found this helpful. It depends on what you tested positive for... An ELISA (quick and dirty) test for toxoplasmosis will test your IgG and IgM antibodies. If you are ONLY IgG positive, then it means you probably acquired the infection >=12 months ago.
71	Haunted Towns. Haunted Towns is an American paranormal television series that premiered on August 15, 2017 in the United States on Destination America. The series features the Tennessee Wraith Chasers, a group of professional paranormal investigators that are known for trying to trap ghosts during their investigations.
72	Research has shown that nearly 60% of performance horses have stomach ulcers. This is known as Equine Gastric Ulcer Syndrome (EGUS).
73	You'll want to use a Partnership Agreement between yourself and the other business partner or partners. Its terms define how the business partnership will be conducted, making it an important foundational document for running your new business.
74	The ICD-9-CM Official Guidelines for Coding and Reporting provide advice on the selection of principal and secondary diagnoses, which LTCHs are required to follow, as the Uniform Hospital Discharge Data Set (UHDDS) definitions are applicable to long-term care hospitals.
75	rev'-er-ens: In the Old Testament, reverence occurs as the translation of two Hebrew words, yare' and shachah. It is used to express the attitude toward God Himself, as in Psalm 89:7 the King James Version; or toward His sanctuary, as in Leviticus 19:30; Leviticus 26:2.
76	In the lungs, thick bronchial secretions block the small airways, which become inflamed. As the disease progresses, the bronchial walls thicken, the airways fill with infected secretions, areas of the lung contract, and lymph nodes enlarge.In the liver, thick secretions block the bile ducts.Obstruction may also occur in the gallbladder. In the pancreas, thick secretions may block the gland completely.s the disease progresses, the bronchial walls thicken, the airways fill with infected secretions, areas of the lung contract, and lymph nodes enlarge. In the liver, thick secretions block the bile ducts. Obstruction may also occur in the gallbladder.
77	People use minerals in so many different ways. Mineral are used in  industrial processes and most things like jewelry, fuel, clothing,  furniture and fittings are made from … minerals. Chromite (iron magnesium chromium oxide) is the main ore of chromium and is also used as a refracto … ry material.   Diamond (a carbon allotrope) is mined for its high value as a gemstone, but it is also an excellent abrasive.
78	See all results for fisher price i can play piano. 1  Fisher-Price I Can Play Piano System. by Fisher-Price. 2  I Can Play Piano Software - Nicktoons Show Tunes. by Fisher-Price. 3  I Can Play Piano Software - Dora's Musical Adventure. by Fisher-Price.  Fisher-Price Kick and Play Piano Gym by Fisher-Price. 4.7 out of 5 stars 1,344.
79	1 The average cost of living in a not-for-profit. 2  is $2,672.00 per month, or $32,064.00 annually. 3  The average monthly rate for. 4  is $4,270.00 per month or $51,240.00 annually. 5  To move into a community, individuals might also have to pay an. 6  ranging from $60,000.00 to $120,000.00 or more.
80	Commenting the date of a show, and adding !setlistbot to the comment, will trigger a response from /u/setlistbot. This response includes the shows setlist, links to listen to the show, and a link to phish.net for more information. Example: 12-31-99 Check out this awesome show !setlistbot Useful Links
81	The ability to use information technologies effectively to find and manage information, and the ability to critically evaluate and ethically apply that information to solve a problem are some of the hallmarks of an information literate individual.
82	Diagnosis and Tests. 1  Colonoscopy: MedlinePlus Health Topic (National Library of Medicine) Also in Spanish. 2  Lower GI Series (Barium Enema) (National Institute of Diabetes and Digestive and Kidney Diseases) Also in Spanish.
83	How to disable app icon badges in Notification Center. 1  Launch the Settings app on your iPhone or iPad. 2  Tap on Notification Center. 3  Scroll down and find the app you'd like to disable app icon badges for and tap on it. 4  Turn the option for Badge App Icon to Off. Launch the Settings app on your iPhone or iPad. 2  Tap on Notification Center. 3  Scroll down and find the app you'd like to disable sounds for and tap on it. 4  Turn the option for Sounds to Off. 5  This also disables any vibration alerts that may be attached to that sound alert.
84	On 2 November 1868, New Zealand officially adopted a standard time to be observed nationally, and was perhaps the first country to do so. It was based on longitude 172° 30′ East of Greenwich, 111⁄2 hours ahead of Greenwich Mean Time (GMT).
85	1 Bake for 45 minutes for sweet potatoes/yams that are 2-3 inches in diameter. For sweet potatoes that are up to 4 inches in diameter, bake for an hour. For super large sweet potatoes, bake for an hour and 15 minutes.  After the time has elapsed, don't open the oven but turn it off.
86	Blank Wine Labels - High Gloss - Water Resistant - White - For Inkjet Printers - 40 Labels - 10 Sheets. Excellent quality; easy to work with; beautiful labels using ink-jet printer and photo paper selection.
87	Definition of conquest in US English - the subjugation and assumption of control of a place or people by use of military force Definition of conquest in US English - the subjugation and assumption of control of a place or people by use of military force
88	From the Roman name Mauritius, a derivative of MAURUS. Saint Maurice was a 3rd-century Roman soldier from Egypt. He and the other Christians in his legion were supposedly massacred on the orders of emperor Maximian for refusing to worship Roman gods.
89	WLOS News 13 provides local news, weather forecasts, traffic updates, notices of events and items of interest in the community, sports and entertainment programming for Asheville, NC and nearby towns and communities in Western North Carolina and the Upstate of South Carolina, including the counties of Buncombe, Henderson, Rutherford, Haywood, Polk, ...
90	Ad. Other terms used in reference to body habitus may describe features such as musculature or strength, along with other characteristics of interest. As a general rule, any change in the physique can be a cause for concern.
91	Mendes was born in Miami, Florida, to Cuban parents Eva Pérez Suárez and Juan Carlos Méndez, and raised by her mother in the Los Angeles suburb of Glendale after her parents' divorce. Mendes was raised a Roman Catholic and at one time even considered becoming a Catholic nun.
92	LINK / CITE ADD TO WORD LIST. adjective. The definition of traumatic is something that is extremely upsetting or something that causes great harm or damage to the mind or body. 1  Getting into a serious accident that gives you PTSD is an example of a traumatic event.
93	It consists of a rectangle with a width to length ratio of two to three featuring: 1  A blue vertical stripe one-third the entire length of the flag wide, and two equal horizontal stripes, the upper stripe white, the lower red, each two-thirds the entire length of the flag long.
94	As specific as possible. 1  Include a complete diagnosis and appropriate Common Diagnostic Codes (ICD codes). Clarify a specific body site and the definition of the injury. 2  If your patient is unable to perform any work due to the injury or disease, estimate how much time the injured worker will lose due to the injury.
95	Non-Silicate Minerals. Minerals can be classified as either silicate - that is, containing silicon and oxygen - or non-silicate - that is, lacking silicon. While most of the earth's crust is composed of silicate minerals, several non-silicate minerals are of great importance.
96	The blood pressure in each leg is divided by the blood pressure in the higher pressure of the two arms to obtain an ABI for each lower extremity. An ABI above 0.9 is normal, except when it exceeds 1.3 (an indicator of severe peripheral arterial obstruction).
97	For the first time, the music royalty fee will also be passed along to standalone SiriusXM Internet Radio subscribers. Currently, internet-only customers pay $14.99 per month for most of SiriusXM’s channels plus premium content from Howard Stern and others. Starting in January, an additional fee of $2.08 will be tacked on to the monthly bills of internet-only customers, bringing the total cost to a little over $17 per month. SiriusXM began passing along the cost of music royalties to subscribers in 2009 shortly after the merger of the two satellite radio companies.
98	The gas prices for the cost to drive from Chandler, AZ to Phoenix, AZ Has been Galculated: 16 this month. The gas prices for the cost to drive from Tucson, AZ to Tucson, AZ Has been Galculated: 16 this month. The gas prices for the cost to drive from Oro Valley, AZ to Dana Point, CA Has been Galculated: 15 this month.he gas prices for the cost to drive from Phoenix, AZ to Tecumseh, OK Has been Galculated: 15 this month. The gas prices for the cost to drive from Laveen, AZ to Phoenix, AZ Has been Galculated: 14 this month. The gas prices for the cost to drive from Phoenix, AZ to Flagstaff, AZ Has been Galculated: 14 this month.
99	Below is a picture showing an actual cutaway view of the forcing cone area that's inside most all shotgun barrels , notice the upper barrel is showing a lengthened forcing cone while the lower barrel is shown with a factory length forcing cone. Back to the Top. Patterns.
100	At this time the Industrial Workers of the World had a membership of over 100,000 members. In 1913 William Haywood replaced Vincent Saint John as secretary-treasurer of the Industrial Workers of the World. By this time, the IWW had 100,000 members.
101	Radiation. The principal risks associated with nuclear power arise from health effects of radiation. This radiation consists of subatomic particles traveling at or near the velocity of light---186,000 miles per second.ining uranium to fuel nuclear power plants leaves mill tailings, the residues from chemical processing of the ore, which lead to radon exposures to the public. However, these effects are grossly over-compensated by the fact that mining uranium out of the ground reduces future radon exposures.
102	Other News. 1  Through a partnership with Richmond Rec, the fitness room at Honeoye Central School will open on Monday, September 28th for use by adults in the community. 2  Regular hours are Monday through Thursday, 5:30 to 8:30 pm, following the HCS calendar. 3  Cost is $2 per visit, or $25 for a punch card with 16 visits.elcome to the Hamlet of Honeoye. Located on Honeoye Lake, in the Western Finger Lakes Region of Upstate New York. Our Honeoye Community Gazebo is home to many community events. Plantings are maintained courtesy of the Lake Country Garden Club volunteers.
103	Beneficiary data. The following briefly describes the different types of beneficiaries paid by Social Security. The descriptions are not meant to be definitive. Check with a local Social Security office if you believe you may be eligible for benefits. We pay benefits to the following types of beneficiaries.
104	Tectonic setting The Denali-Totschunda fault is a major dextral (right lateral) strike-slip system, similar in scale to the San Andreas fault system. In Alaska, moving from east to west, the plate interactions change from a transform boundary between Pacific and North American plates to a collision zone with a microplate , the Yakutat terrane , which is in the process of being Express yourself.
105	Many words are abbreviated in. more than one manner, sometimes in the course of a single. document. Individual commanders frequently improvise. abbreviations, which will be understandable from the. context to the German officer reading them, but may. cause considerable difficulty to the non-German.
106	Thank You So Much Deannya :) ... The private beach at the Hilton was perfect - clean, quiet and never overcrowded. The Straw Market and downtown shopping area, the John Watling's Distillery and Graycliff Chocolatierare just minutes away (very walkable). And also near by is the famous Fish Fry and Junkanoo Beach.
107	The Benefits of a Weak Dollar Despite expressions to the contrary by politicos and economists, the nature of a weak dollar can actually benefit stagnated portions of our economy. For example, a weak U.S. dollar will actually help boost the manufacturing sector. A weak dollar can also help sell U.S. made goods in overseas markets at lower prices. A weak dollar will benefit a few European retailers who import Asian products bought for dollars and sell them in European markets for stronger euro payments.
108	One-third of France’s land is crop growing. Wheat is the major single crop grown at large farms in the Paris Basin and in the north.In southern France, most of the grapes produced are used in making wine being of high quality that come from several regions.In the Mediterranean region, grapes are used for cheaper wines.heat is the major single crop grown at large farms in the Paris Basin and in the north. In southern France, most of the grapes produced are used in making wine being of high quality that come from several regions.
109	By William Powell of Powell & Denny, P.C. posted in What is a FCE on Friday, June 28, 2013. Alabama Workers Compensation: What is a FCE: If you have suffered a serious job injury to your neck, back, shoulder or hips, or to multiple body parts, most likely towards the end of your medical treatment you will be told that a FCE has been ordered for you.
110	Grevy's Zebra. Grevy's zebra (Equus grevyi) consumes a lot of very coarse grasses that other kinds of zebras and equines are not able to digest properly, due to the severe toughness. The bulk of the Grevy's zebra diet consists of these fibrous, tougher-textured grasses, along with forbs.
111	In this section you can learn more about the known causes of cancer, including genetic factors; lifestyle factors such as tobacco use, diet, and physical activity; certain types of infections; and environmental exposures to different types of chemicals and radiation.
112	Best Answer: Your scores will be available on June 24th-only 17 more days to go! Here is the link to where you can access your scores when they are available-http://sat.collegeboard.com/scores. Good luck! Source(s): I work for PowerScore SAT Prep http://www.powerscore.com/sat. want to take advantage of the four free score reports that get sent to 4 colleges but I want to see my score first before I send them to my top 4 picks. Any help would be greatly appreciated! Source(s): long sat scores back: https://tr.im/qgo88. America · 2 months ago.
113	ALS, or amyotrophic laterals sclerosis, is a progressive neurodegenerative disease that affects nerve cells in the brain and the spinal cord. A-myo-trophic comes from the Greek language. A means no. Myo refers to muscle, and Trophic means nourishment – No muscle nourishment. When a muscle has no nourishment, it atrophies or wastes away.
114	Since the inception of the Buick brand, the Buick logo has undergone quite the transformation, going from a simple text-based insignia to a single shield derived from the Buick family’s ancestral arms, and from the first iteration of the Tri-Shield to an eagle named Happy, and then back to the modern Tri-Shield we have today.
115	There remains a real problem with foreign nationals who cannot be deported to their country of origin. Times, Sunday Times (2010)If the powers that be can identify an individual as an illegal immigrant just deport them. The Sun (2013)She had been arrested and deported after the government accused her of being a spy.
116	The trick is to assume the value of the Earth's magnetic field and the direction of the compass. Let's assume that at this location on the Earth, the magnetic field is pointing directly North with a horizontal component of about 2 x 10-5 T. Now suppose that I do something to create a magnetic field in a known direction and perpendicular to the horizontal component of the Earth's magnetic field.
117	I personally do not do Thermage. Fraxel lasts years especially if you incorporate a good skin care program after the treatments. 7 years ago by Forever Young MedSpa. After you have completed a series of Fraxel treatments it is always recommended to do a follow up every 4-6 months to maintain your results.
118	The 2017 Volkswagen Tiguan ranks 11 out of 18 Compact SUVs. The 2017 Volkswagen Tiguan suffers from a lack of advanced driver assistance features, an outdated design, and some disappointing crash test scores. Additionally, it has one of the highest starting prices in its class.
119	Average temperatures for March at places in Texas, including a list of monthly high and low temperatures for cities, towns, parks and lakes.
120	Bacterial pinkeye may cause more drainage than viral pinkeye. Bacterial infections usually last 7 to 10 days without antibiotic treatment and 2 to 4 days with antibiotic treatment. The person can usually return to day care, school, or work 24 hours after an antibiotic has been started if symptoms have improved.
121	Necie (NEE-see) is a cute nickname for Denise. -- VictoriaCalledTori 3/13/2007. Also the name of one of my best friends and I love it! It's classic and has a nice meaning. -- renee06 5/10/2007. There are a few spellings of this name, but I like one particular version - Denyse - because it looks rather unique. I mean, Denise seems quite overused to me because I know quite a few people called Denise.
122	The lower the mortgage rate, the more home you can afford. An adjustable rate mortgage, or ARM, makes that possible by starting out lower than a fixed rate and then adjusting over time. An ARM is a particularly attractive option when you expect changes in your financial situation over the next five years.
123	Although oregano is popular in Mediterranean cuisine, in the US, it's often associated primarily with a pizza spice. This does this medicinal herb a great disservice, since today we know that oregano contains vitamins A, C, E, and K, as well as fiber, folate, iron, magnesium, vitamin B6, calcium, and potassium.
124	Over 30 languages constitute the Visayan language family. The Visayan language with the most speakers is Cebuano, spoken by 20 million people as a native language in Central Visayas, parts of Eastern Visayas, eastern Negros Island Region and most of Mindanao.
125	Macronutrients include Carbon, Oxygen, Hydrogen, and Nitrogen. Micronutrients are chlorine, iron, maganese, zinc, boron, sodium, copper, molybdenum and nickel. Plants need these nutrients to survive.Macronutrients mainly include carbohydrates, proteins and fats and also water which are required in large quantities and their main function being the release of energy in body.Whereas, micronutrients mainly comprise vitamins and minerals which are required in minute quantities. Essential micronutrients include iodine, iron, vitamin A and folate.   A nutrient is a substance used in an organism's metabolism which must be taken in from the en … vironment. Non-autotrophic organisms typically acquire nutrients by the ingestion of foods.
126	On February 7, 2015, Jim Boyle of the Pennsylvania Record reported that the bill to amend the state constitution and raise the mandatory retirement age for Pennsylvania judges from 70 to 75 years was approved by the House Judiciary Committee.
127	For example, the 2017-2018 FAFSA encompasses the following semesters: 1  Summer Session 2017. 2  Fall Semester 2017. 3  Winter Semester 2018. 4  Spring Semester 2018.
128	This resource, updated to reflect the MLA Handbook for Writers of Research Papers (7 th ed.) and the MLA Style Manual and Guide to Scholarly Publishing (3 rd ed.), offers examples for the general format of MLA research papers, in-text citations, endnotes/footnotes, and the Works Cited page.
129	Gatwick by Car-Directions. London Gatwick is 28 miles (45km) south of London, directly linked to the M23 motorway at Junction 9 and to the A23 London-Brighton road.The M25 at Junction 7 is a 10 minute drive from Gatwick Airport, connecting it with the UK's extensive road and motorway network.If you plan on driving to or from London Gatwick Airport, you can search the AA Route Planner for tailored directions.atwick by Car-Directions. London Gatwick is 28 miles (45km) south of London, directly linked to the M23 motorway at Junction 9 and to the A23 London-Brighton road.
130	Samples of Driver License Knowledge Tests. Before you come into DMV to take your knowledge test, practice taking one (or all) of these sample tests. Note: To allow you sufficient time for testing, DMV will not be administering knowledge tests after 4:30 p.m. When you are ready to take the actual test, keep these suggestions in mind:
131	As a result of pressure, friction, and plate material melting in the mantle, earthquakes and volcanoes are common near convergent boundaries. When two plates move towards one another, they form either a subduction zone or a continental collision. This depends on the nature of the plates involved.
132	Example 2. Add or subtract months to a date with Excel EDATE. Microsoft Excel provides a special function that returns a date that is a specified number of months before or after the start date - the EDATE function. It is available in modern versions of Excel 2007, 2010, 2013 and upcoming Excel 2016.
133	Almost Free. Sam's Town, Las Vegas, offers two RV parks with more than 500 spacious spots with full hookups and all amenities. Although there is a modest charge for parking, the amenities offset the cost and entice visitors to visit Nevada's second largest casino.
134	Not later, NOW!!! If you are shooting meth, pills, or heroin then you will need a cotton ball (paper towels, a rag, or anything like that) and witch hazel U. S. P. Astringent. You will take the witch hazel and soak the cotton ball or whatever you are using and apply it to the injection cite.
135	Courtesy of Defender. High-pressure Inflatable Floor: Like the roll-up floor, the high-pressure inflatable floor can stow easily, and setup time is super quick. The bottom of the boat has a V-shape due to an inflatable keel tube, so this style of inflatable tracks better than a flat-bottom dinghy. Due to its light weight and the hull shape, an inflatable hull dinghy can also hop on a plane with as little as a 5-horse outboard for a single rider.
136	By definition these materials can be harmful and should never go into your community’s regular trash. The materials listed below have commonly been referred to as household hazardous waste or HHW but are now commonly referred to as home generated special materials. These materials include: Automotive products (antifreeze, fluids, motor oil, oil filters, gasoline, polish and wax)
137	Cells undergoing aerobic respiration produce 6 molecules of carbon  dioxide, … 6 molecules of water, and up to 30 molecules of ATP  (adenosine triphosphate), which is directly used to produce energy,  from each molecule of glucose in the presence of surplus oxygen.
138	Now, another part that I want to highlight on the head of the femur is this depression right here that is used for the attachment of this ligament that is cut right here. This is the head of the femur ligament.
139	Derek Cianfrance wrote the script based on the town his wife Shannon Plumb grew up in, Schenectady, NY. The film was mostly filmed there on location. The phrase Place Beyond the Pines is actually the Native American meaning to the word Schenectady..
140	Hello, I used to be an Alltel customer and just switched to Verizon. I am able to send text messages to people but often when they send them back, they go to my old Alltel phone.I kept the same phone number that I had with Alltel. am able to send text messages to people but often when they send them back, they go to my old Alltel phone. I kept the same phone number that I had with Alltel.
141	Put together, the United States constitutes roughly 40 percent of the world's military expenditures. For the period 2010–14, the Stockholm International Peace Research Institute (SIPRI) found that the United States was the world's largest exporter of major arms, accounting for 31 per cent of global shares.
142	Annual Weather Averages Near Charleston. Averages are for Charleston Air Force Base Reporting Station, which is 10 miles from Charleston. All Year Climate & Weather Averages in Charleston. January Climate & Weather Averages in Charleston.
143	Myrrh is a common resin in the Horn of Africa. An essential oil extracted from myrrh (Commiphora myrrha). Myrrh /ˈmɜr/ from the Hebrew 'מור' (mor) and Arabic مر (mur) is the aromatic resin of a number of small, thorny tree species of the genus Commiphora, which is an essential oil termed an oleoresin.Myrrh resin is a natural gum.yrrh gum, like frankincense, is such a resin. When people harvest myrrh, they wound the trees repeatedly to bleed them of the gum. Myrrh gum is waxy, and coagulates quickly. After the harvest, the gum becomes hard and glossy.
144	The plural of stone is also stone. Many scales provide a weight display setting in kilograms, pounds or stone.. What is a Stone in Weight Measurement. The stone (st) is a unit of measure equal to 14 pounds (lb) avoirdupois, or 6.3503 kilograms (kg).This unit of measurement is used in Australia, Great Britain, and Ireland for measuring human body weight, and people there may commonly be said to weigh, e.g., 11 stone 4 (11 stone - 4 pounds), which equals approx.he plural of stone is also stone. Many scales provide a weight display setting in kilograms, pounds or stone. Use our calculator below to convert stones to pounds and/or kilograms-and vice versa. Simply enter the value you know in the appropriate box and the other figures will be calculated for you.
145	United States Postal Service is located at the address 1304 Ne Cedar St in Roseburg, Oregon 97470. They can be contacted via phone at (541) 672-8044 for pricing, hours and directions. For more information contact Lynne K Tonn, Manager or go to www.usps.gov.
146	When used with the Insteon Hub, you will receive instant alerts the instant a water leak is detected. Avoid Flooding One of the sensors you hope you never have to use in your home, Leak Sensor's function is simple: it detects water leaks. Place one by your water heater, under every sink, by your clothes and dish washers and behind the toilet for total protection.
147	An opportunistic infection is an infection caused by bacterial, viral, fungal, or protozoan pathogens that take advantage of a host with a weakened immune system or an altered microbiota (such as a disrupted gut flora).Many of these pathogens do not cause disease in a healthy host that has a normal immune system.n opportunistic infection is an infection caused by bacterial, viral, fungal, or protozoan pathogens that take advantage of a host with a weakened immune system or an altered microbiota (such as a disrupted gut flora). Many of these pathogens do not cause disease in a healthy host that has a normal immune system.
148	Building a l-shaped corner desk is easy and it will create lots of storage space in your bedroom, but there are a few things that you should take into account. Always adjust the size and the design of the desk to your needs and buy quality materials.
149	The successful use of permanent percutaneous femoral nerve stimulation using a stimulating lead placed close to the femoral nerve with the aid of ultrasound guidance has been reported. Surgical
150	A yoke used for oxen. A yoke used for oxen. The definition of yoke is the bar that is used as a frame to pull or support something heavy. 1. An example of yoke is the wood that oxen are hooked to on an old-style plow. 2.
151	Acute bronchitis often develops three to four days after a cold or the flu. It may start with a dry cough, then after a few days the coughing spells may bring up mucus. Most people get over an acute bout of bronchitis in two to three weeks, although the cough can sometimes hang on for four weeks or more.t may start with a dry cough, then after a few days the coughing spells may bring up mucus. Most people get over an acute bout of bronchitis in two to three weeks, although the cough can sometimes hang on for four weeks or more.
152	Withdrawal symptoms may be diminished by substituting nicotine in the ... nicotine withdrawal definition ... You can complete the definition of nicotine withdrawal given by the English Definition dictionary with other ...
153	Transcript of Vacuoles, Vesicles, and Cytoskeleton Defined. Cytoskeleton The Cytoskelton is a network of protein filaments. that gives a eukaryotic cell its shape and support. Its main functions are: It supports the cell and maintains shape. It controls the positions and movements of organelles within the cell.
154	Rub each trout generously with olive oil and sprinkle with sea salt; sprinkle inside of cavities with salt and black pepper. Place half the lemon and onion slices into cavity of each trout, along with minced garlic, and place a sprig of rosemary and thyme into cavities.
155	General Parking: Parking for a fee is available in the public parking structure is located at 6170 Sylmar Ave. between Delano St. and Calvert St. (one block east of Van Nuys Blvd.) The parking structure closes at 7:00 pm. The ticket booth is at the top of the ramp on the 4th level.
156	Bremsstrahlung (or Brems) radiation. is one of the two kinds of x-rays produced at the tungsten target of the x-ray tube; The incident high-speed electron, passing through a tungsten atom, is attracted by the positively charged nucleus and therefore is deflected from its course, with a resulting loss of energy.
157	The role of Deputy Director of HR and Corporate Services is a full time appointment. Post holders are selected on merit, against objective criteria, following public advertisement.
158	For round rings measure the horizontal inside diameter of the ring at the. widest point. When measuring D-rings, take the perpendicular dimension. from the point where the ring exits from the metal base to the inside of. the top of the ring. HOW MANY PAGES WILL A BINDER HOLD - (BASED ON 20# BOND PAPER) ROUND RING.
159	Tropical Rainforest The tropical rainforest is a hot, moist biome found near Earth's equator. The world's largest tropical rainforests are in South America, Africa, and Southeast Asia.Tropical rainforests receive from 60 to 160 inches of precipitation that is fairly evenly distributed throughout the year.he world's largest tropical rainforests are in South America, Africa, and Southeast Asia. Tropical rainforests receive from 60 to 160 inches of precipitation that is fairly evenly distributed throughout the year.
160	He incorporated Biltmore and opened the house to visitors for the first time in 1930. Edith died in 1958, and in 1960 the Cecil sons split the Biltmore property. George took the dairy and a portion of the estate, while William took the house and the part of the estate known as Biltmore Forest. William became head of the Biltmore Company and a leading historic preservation advocate. Although the U.S. government has declared Biltmore a National Historic Landmark, it operates without federal grants
161	To provide healthy-lifestyle education, a quality program of physical education must be a core requirement in all schools and a central component in a comprehensive school health program (Allensworth & Kolbe, 1987). Our first step might be to consider ways to increase curriculum time devoted to physical education.
162	Blue dart is a reputed brand for delivering goods and documents with safety and also a popular courier company. That’s they the Blue Dart providing top notch customer care number with toll free and general number as well.In order to provide quality service the to its customer the company provides the customer service numbers for major cities like Delhi, Mumbai, Hyderabad, Kolkata, Indore, Ranchi, Ahmadabad etc.he Blue dart is the Asia’s largest courier service provider having thousands of outlet in India. Few people know that the Blue Dart is the part of DHL Express group of company. The company was corporate in 1995 year.
163	Process theories of motivation are based on early cognitive theories, which posit that behavior is the result of conscious decision-making processes. The major process theories of motivation are expectancy theory, equity theory, goal-setting theory, and reinforcement theory.
164	Often going along with depression in many individuals, anxiety is also one of the more prevalent mental health problems among the elderly. Anxiety disorders encompass a range of issues, from obsessive-compulsive disorder (including hoarding syndrome) to phobias to post-traumatic stress disorder (PTSD).
165	You need to verify the date and time when updates were last installed on your Windows Server 2008 R2 system. Security Information. You need to add the Active Directory Domain Services role to a Windows Server 2012 R2 system. Click the option you would use in Server Manager to access the Add Roles and Features Wizard.
166	The Fission Theory: This theory proposes that the Moon was once part of the Earth and somehow separated from the Earth early in the history of the solar system. The present Pacific Ocean basin is the most popular site for the part of the Earth from which the Moon came.
167	LegalZoom Satisfaction Guarantee Details: 1  If you're not satisfied, simply call us toll-free at (800) 773-0888 during our normal business hours.  If you want to exchange the product you ordered for a different one, you must request this exchange and complete your replacement order within 60 days of purchase.
168	I will have to see if I can see my breath when the temperature is 45. The thing I like learning about was that our breath has tiny water droplets. I also did not know that when it's 45 degree outside, you can see your breath I thought that you can only see your breath when it's really cold outside, like 32 degrees.
169	Tornado Climatology for the Pittsburgh County Warning Area. Weather.gov > Pittsburgh, PA > Tornado Climatology for the Pittsburgh County Warning Area. All known tornadoes from 1950 to Present are plotted on the maps below. Click on a county name to see a detailed map of all known tornado tracks in that county. Please read the important disclaimer below concerning the plotting of historical tornadoes.
170	Avocados are an excellent source, along with organic raw butter, coconut oil, and organic pastured eggs, just to name a few. There's also evidence suggesting that limiting your intake of protein can be helpful for long-term good health and the prevention of cancer.
171	Uber-smooth northern delights. Georgian Bay, part of the great Lake Huron, the shores of which sustain Parry Sound, birthplace of Bobby Orr, is now home to a new, intrepid and, yes, accomplished distillery. It is called Georgian Bay Spirit Company, thus named by its co-founders, Denzil Wadds and Tim Keenleyside.
172	Nature expresses Emerson's belief that each individual must develop a personal understanding of the universe. Emerson makes clear in the Introduction that men should break away from reliance on secondhand information, upon the wisdom of the past, upon inherited and institutionalized knowledge: Our age is retrospective.
173	Looking for things to do at Ayers Rock? Located in the Red Centre of the Northern Territory, Australia, Ayers Rock or Uluru is one of the greatest natural attractions and an iconic landmark of Australia.yers Rock at sunset is magical, and even more magical whilst enjoying a BBQ dinner! If you need help planning your experience, feel free to contact our team. Ayers Rock at sunset is magical, and even more magical whilst enjoying a BBQ dinner! If you need help planning your experience, feel free to contact our team.
174	The hyperlink container. A hyperlink container is a document or application that contains hyperlinks. The container supports hyperlinks by implementing the IHlinkSite interface and, if the container's objects can be targets of other hyperlinks, the IHlinkTarget interface.
175	Eligibility and Applying. UCCB is not based on income. For each child under age 6 you have, you will receive a payment of $100 per month, regardless of income. The only stipulations are that you live with your child and are the primary caretaker.You must also be a Canadian citizen.f you already signed up to receive the Canada child tax benefit, you generally do not need to apply for the UCCB, because your enrollment is automatic. If not, you can submit a form RC66, child benefits application, or apply for child benefits online, on the CRA's website, using the My Account service.
176	General Warranty Deed. In this type of deed guarantees the grantor’s “good and marketable title” to a property and his right to sell said property with no restrictions. This goes on to include the entire line of the property’s ownership, not just the time that the grantor owned it.
177	British thermal unit. n a unit of heat in the fps system equal to the quantity of heat required to raise the temperature of 1 pound of water by 1°F. 1 British thermal unit is equivalent to 1055.06 joules or 251.997 calories, (Abbrevs) btu, BThU. thermal barrier.
178	Tomato Disease Identification Key by Affected Plant Part: Leaf Symptoms. Generalized tomato plant adapted from Plant Pathology 4th edition by G. N. Agrios copyright 1997 as Figure 1-1 published by Academic Press, San Diego, CA, with permission from Elsevier. Guía sinóptica para hoja de tomate en espanol.
179	This Is Why Marijuana Should Be Legal Everywhere. A Gallup poll released on Tuesday reveals that for the first time in history, Americans are more in favor of legalizing marijuana than criminalizing it. 2013 has markedly been a successful year for marijuana legalization, with Colorado and Washington both passing laws to decriminalize the drug.
180	faculty coaches to become certified to coach in Illinois. They are called ASEP (American Sport Education. Program) and NFHS (National Federation of State High Schools). ASEP Certification: You must add to your cart from the ASEP.com website and complete one of the following. packages (both meet the IHSA By-Law Requirement) IHSA Coaching Orientation Online Package, cost $110.00.
181	Biological basis of love. The theory of a biological basis of love has been explored by such biological sciences as evolutionary psychology, evolutionary biology, anthropology and neuroscience. Specific chemical substances such as oxytocin are studied in the context of their roles in producing human experiences and behaviors that are associated with love.
182	Membership fees in Girl Scouts of the USA (GSUSA) *Must be a currently registered Girl Scout who will be graduating high are non-refundable or transferable Lifetime Registrations: # of Lifetime Adults: (x $375 each)= # of Graduating Ambassadors*: (x $195 each)= Total Amount of Fees: $ Donations Received: $ Other: $
183	faux pas, gaffe, solecism, slip, gaucherie(noun) a socially awkward or tactless act. slip, slip-up, miscue, parapraxis(noun) a minor inadvertent mistake usually observed in speech or writing or in small accidents or memory lapses etc. slip(noun) potter's clay that is thinned and used for coating or decorating ceramics.
184	St. Mary’s Hospital-St. Louis is home to the Maternal & Fetal Care Center and is the main center for SSM Health's high-risk pregnancy services. Learn more about our high-risk services here.
185	Duo Bed is the best of both worlds. Combining the warmth and comfort of straw with the absorbency of wood shavings, Duo Bed horse bedding offers exceptional year-round comfort. Give your horse the bedding it deserves with Duo Bed horse bedding. Combining the warmth and comfort of straw with the absorbency and cleanliness of premium dust extracted wood shavings, Duo Bed is the professional’s choice for luxury horse bedding.
186	Step 1. Estimate Your Tile Project. Begin your project with our Flooring Estimator to calculate the approximate cost of tile installation or other flooring installation options before you schedule an in-home measure. Estimate the Cost of Your Flooring Project.
187	1 Place the chicken in the bottom of the crockpot. 2  Cover and cook on low for 4-6 hours or high 3 hours. 3  The last 30 minutes of cooking, shred the chicken with two forks and add the broccoli, sour cream, and cheese. 4  Cook for about 30 more minutes until the broccoli is tender and heated through.
188	Yield to maturity is a useful measure of the attractiveness of a seasoned bond that is held to maturity and redeemed at par value. For example, suppose you buy a $1000 par value ABC Company bond with a 5% coupon rate maturing in five years, and the market price for the bond is $900.
189	How long is the drive from Alberta to Toronto, Canada? The total driving time is 37 hours, 54 minutes.ou can also calculate the cost to drive from Alberta to Toronto, Canada based on current local gas prices and an estimate of your car's best gas mileage.
190	For example, if the absorbance reading is 1, extend the line from this absorbance point on the Y axis (a): At the point of intersection, extend a vertical line to the X axis and read the corresponding concentration (b). Samples that have an absorbance value falling out of the range of the standard curve.
191	Dr. Phil’s Marriage Has Hit A Rough Patch. 11/08/2012 2:52 PM ET | Filed under: Love Line • Dr. Phil • For Reals Estate. It looks like there’s trouble on Dr. Phil island! The TV host has been having some marital probz with his wife, Robin McGraw and even a $30 million mansion can’t fix it!
192	The film does so through the focus of another genre, the personal documentary. Its main character—its virtual auteur—is Bill Genovese, one of Kitty’s three younger brothers, who was sixteen at the time of her murder; he was her favorite brother, and the two were very close.
193	‘Tourniquets, ligatures, and compression bandages should not be used.’ ‘She soaked her body again, at the same time soaking the bandage over her wound.’ ‘With treatment, Cara is able to play outside and with friends without being wrapped in bandages to protect her.’
194	How many grams of fiber is high fiber? A specific food is considered to be high in fiber if it contains 5 or more grams of fiber. The FDA recommends a daily intake of 20-30 grams of fiber (See FDA Webpage), so a hi…gh fiber diet would constitute anything in the upper portion of that range.
195	Marsala Notes: This popular Sicilian fortified wine is Italy's answer to sherry and Madeira. It's mostly used as a cooking wine and is a key ingredient in many Italian dishes, including zabaglione, tiramisu, and veal scaloppini.Marsalas are graded according to their sweetness and age.ortified wine Notes: These are wines that have been fortified with brandy and sometimes flavored with herbs, roots, peels, and spices. The most popular examples are sherry, Madeira, Marsala, port, and vermouth.
196	The idea behind this is quite simple. You give up part of your salary and, in return, your employer gives you a non-cash benefit, such as childcare vouchers, or increased pension contributions. Once you accept a salary sacrifice, your overall pay is lower, so you pay less tax and National Insurance.alary sacrifice is when you agree to give up part of your salary so you can get extra benefits from your employer. Find out more about how it works. How salary sacrifice works. Things to consider before taking salary sacrifice.
197	Obesity, also called corpulence or fatness, obesityRay Pietro—Photonica/Getty Imagesexcessive accumulation of body fat, usually caused by the consumption of more calories than the body can use. The excess calories are then stored as fat, or adipose tissue.
198	Discernment of Private Revelation. Julia Kim and her supporters claim that 'The Precious Blood' of Jesus has descended from Heaven to land on Julia Kim's bed and mattress, forming large lumps of partially-coagulated blood which move as if breathing.They claim that this blood appears miraculously, and is literally the blood of Jesus.They had the blood tested for blood type, and it was said to be type AB (the same blood type as the Shroud of Turin). They have placed this blood on an altar, next to the Eucharist.gain, I say a curse. No one can follow and believe in the messages and signs of false prophets, such as Julia Kim, and still also remain a faithful Catholic. All such persons are on the path to heresy and schism from the Church. Anathema sint.
199	Elderberry Syrup Recipe Method. 1  Add all ingredients except for the honey into a medium saucepan. 2  Bring to a boil, and then lower heat to medium. 3  Continue simmering for 30-45 minutes until the liquid is reduced to half. 4  Before the liquid cools, strain it through a fine mesh strainer.
200	Stern, Goth. stairno), from PIE *ster- (cf. Skt. star-, Hittite shittar, Gk. aster, astron, L. stella, Bret. sterenn, Welsh seren star). Astrological sense of influence of planets and zodiac on human affairs is recorded from mid-13c.; star-crossed is from Romeo and Juliet (1592).
201	The terms formative and summative do not have to be difficult, yet the definitions have become confusing in the past few years. This is especially true for formative assessment. In a balanced assessment system, both summative and formative assessments are an integral part of information gathering. Depend too much on one or the other and the reality of student achievement in your classroom becomes unclear.
202	Striped skunks reach sexual maturity at a year old, and it is at this age that they are finally ready to leave their mother. Skunks generally live to be two or three years old in the wild, but they may live up to ten years in captivity.triped skunks are usually solitary animals, meaning that they live alone. Skunks only interact with each other during winter, when they are mating, or when a mother is taking care of her new babies. Adult skunks are generally quiet animals, but young skunks tend to be more playful and make more noises.
203	The University of North Texas Health Science Center at Fort Worth is accredited by the Commission on Colleges of the Southern Association of Colleges and Schools (1866 Southern Lane, Decatur, GA 30033-4097; telephone number 404-679-4501) to award master’s and doctoral degrees.
204	The lacrimal apparatus consists of the lacrimal glands, which secrete the tears, and the lacrimal sac and ducts, which convey the tears into the nasal cavity. Secretory function of the lacrimal glands declines with age, and many elderly individuals develop “dry eye” syndrome.
205	News-October 22, 2015; 8:14 AM ET. In the classic 1980s film, Back to the Future 2, Marty McFly and Dr. Emmet Brown used a car fitted with a time machine to travel 30 years in the future, arriving on Oct. 21, 2015.
206	The discount rates for the three lending programs are the same across all Reserve Banks except on days around a change in the rate. Further information on the discount window, including interest rates, is available from the Federal Reserve System's discount window web site. See also the articles in the Federal Reserve Bulletin for July 2002 (51 KB PDF) and November 1994 (75 KB PDF).
207	McGuffin; Etymology . Used by Alfred Hitchcock, as an arbitrary Scottish surname. The actual name comes from Ulster and means son of the black fairheaded . See also Wikipedia's MacGuffin: History and use. Pronunciation (Received Pronunciation, US) IPA : /məˈɡʌf.ɪn/
208	Also, it is concluded that the maximum true stress values are almost 15% higher than that of the maximum engineering stress values while the maximum true strain failure values are 1.5% smaller than the maximum engineering strain failure values.
209	With the middle ear pressure of 30 being more than the ouside pressure of 10,, the eardrum bulges outward until the pressure inside and outside matches at 10. The bulging eardrum causes the ear to feel clogged. With ear popping, the eardrum moves back into neutral position and the ear feels back to normal.
210	HPV is a common sexually transmitted infection that affects up to 75% of men and women who are sexually active. Often those who contract HPV will not know because it did not present symptoms and resolved on its own. There are many strains of HPV, and some of them will result in the development of genital warts. These warts are very contagious and are easily spread from person to person via sexual activity. These warts will show up externally around the vagina, anus, in the rectum, or on the cervix.
211	Hill-Sachs Lesion. This lesion is caused exclusively by anterior (toward the front) shoulder dislocations, which can result from sports activities, falls, reaching, or pulling on the arm.A Hill-Sachs lesion is a fracture in the head of the humerus bone, resulting from direct compression of the humeral head during a shoulder dislocation.ill-Sachs Lesion. This lesion is caused exclusively by anterior (toward the front) shoulder dislocations, which can result from sports activities, falls, reaching, or pulling on the arm.
212	Fife ([ˈfəif] ; Scottish Gaelic: Fiobha) fìobha is a council area and historic county Of. Scotland it is situated between The firth Of tay and The firth Of, forth with inland boundaries To perth And kinross And. clackmannanshirelmost all road traffic into and out of Fife has to pass over one of three bridges, south on the Forth Road Bridge, west on the Kincardine Bridge or north-east via the Tay Road Bridge, the exception being traffic headed north on the M90.
213	DEFINITION of 'Underwriting Expenses'. Costs and expenditures associated with underwriting activity. Underwriting expenses include a wide range of expenditures, and the exact definition differs for insurers and investment banks. As a major expense category, the lower these expenditures are as a proportion of underwriting activity, the higher the profitability of the insurer or investment bank. Next Up.
214	The total mortality of the 1918–1919 pandemic is not known, but it is estimated that up to 1% of the world's population was killed. As many as 25 million may have been killed in the first 25 weeks; in contrast, HIV/AIDS has killed 25 million in its first 25 years.
215	Bandwidth knowledge of results and motor learning: More than just a relative frequency effect. Abstract. Motor learning is facilitated when knowledge of results (KR) is presented in accordance with a goal-centred bandwidth (i.e. when the error exceeds a tolerance limit about a movement goal). However, under different conditions of the bandwidth procedure the frequency with which KR is provided is also affected—the wider the goal-centred tolerance limits, the lower the frequency of KR.
216	Average Teacher Salary in Arkansas. The national average for teacher salaries was $49,720 in 2009 and $48,353 in 2008. The average teacher salary in Arkansas was $43,520 in 2008 and $43,580 in 2009. During both years, the average teacher salary in Arkansas was well below the national average.The average teaching salaries in Arkansas have seen very little increase in the past few years. From 2007 to 2008, the increase in Arkansas teacher salaries was 5.49 percent.Then, from 2008 to 2009 the increase was a mere .14 percent.uring both years, the average teacher salary in Arkansas was well below the national average. The average teaching salaries in Arkansas have seen very little increase in the past few years. From 2007 to 2008, the increase in Arkansas teacher salaries was 5.49 percent.
217	QuranicNames.com is the most authentic, most detailed and most original Islamic baby name site on the internet—all in good English. « NayelNayemNayir Nayla NaylaaNaylaaNayyirah ». View all baby names starting with N 381 names | All baby names 6289 names.
218	Check the Beijing, China weather in May before you book your next holiday. This gives the best indication of the weather in May and includes figures for temperature, sunshine and rainfall. 1  27°C max day temperature.ravel deals & exclusive discounts on holidays, flights, hotels & more... We promise not to share your details. We help you find the best travel deals for your holiday in the sun by sharing tips on when and where to go, before providing you with top discounts.
219	The BSA, a quasi-judicial entity, may grant variances from use and bulk provisions to ensure that an eminent domain taking does not occur in violation of the Constitution's fifth amendment. FinCEN's role is to oversee the administration of BSA by numerous agencies including IRS. I asked her if she was aware of the discriminatory policies of the BSA and let her know I was objecting to our school being used as a recruitment site.
220	Word origin: chemo- + troph = nourishment. Related forms: chemotrophic (adjective). Please contribute to this project, if you have more information about this term feel free to edit this page. This page was last modified on 22 April 2009, at 12:57.This page has been accessed 26,596 times. What links here | Related changes | Permanent link.
221	It is intended to offer basic guidance in the preparation of MNDs and to encourage. their use where appropriate. Mitigated Negative Declarations is neither a replacement of nor an. amendment to the CEQA Guidelines (Title 14, Ch. 3, § 15000 et seq).
222	In biology, a phylum (/ˈfaɪləm/ ; plural: phyla) is a taxonomic rank below kingdom and above class. Traditionally, in botany the term division was used instead of phylum, although from 1993 the International Code of Nomenclature for algae, fungi, and plants accepted the designation phylum.The kingdom Animalia contains approximately 35 phyla, Plantae contains 12, and Fungi contains 7.raditionally, in botany the term division was used instead of phylum, although from 1993 the International Code of Nomenclature for algae, fungi, and plants accepted the designation phylum.
223	Your pay as you go plan is subject to the Standard Terms and Conditions for Pay As You Go Customers-see www.orange.co.uk/terms. 12. Broadband Service is subject to the standard Terms and Conditions for Orange Home Services, see www.orange.co.uk/terms.COMPANY CONFIDENTIAL.ne offer per pay as you go plan. 2. New and existing PAYG customers must connect or upgrade to an 18 month broadband contract. Existing Orange broadband customers who connect to a PAYG Animal plan may benefit from the promotion but will be required to sign a new 18 month broadband contract.
224	The SPM Synchronous Motor Protection and Control relay controls starting, synchronizing, and protection of. collector-ring and brushless type synchronous motors. The SPM control functions for starting synchronous motors include accurate sensing of motor speed and rotor.
225	A copy of every fee agreement between a VA claimant and an accredited attorney must be filed with the Office of the General Counsel within 30 days of its execution. This is because the DVA is authorized to review the expenses and fees that are charged in connection with claims for disability benefits.hile at a minimum you must hire an attorney who is accredited, you also want to find an attorney who is well experienced in handling veterans’ disability appeals. You will want to do your own investigation into the attorneys’ background.
226	deportes definition. in spanish, the word means sports. or so we americans think. (we are wrong.) it is in fact, the name of a mexican sport. in this game, you are trying to jump the border from mexico to america. you can do this various ways; slingshot, actually jumping, etc. if you win, congratulations! you’re an illegal immigrant. however, if you loose, you are deported back to mexico (hence the name deportes.)
227	Peridotite is the dominant rock of the Earth's mantle above a depth of about 400 km; below that depth, olivine is converted to the higher-pressure mineral wadsleyite. Oceanic plates consist of up to about 100 km of peridotite covered by a thin crust; the crust, commonly about 6 km thick, consists of basalt, gabbro, and minor sediments. The peridotite below the ocean crust, abyssal peridotite, is found on the walls of rifts in the deep sea floor.
228	1 At this location, the cost is going to depend on the time of year, day and the amount of people. 2  On average, be prepared to spend anywhere from $130 to $230 per person for a wedding at Park Savoy Estate. 3  Depending on the time of the year, be prepared to have a minimum that can range from 150 to 200 people.
229	TYKERB is the trade name for lapatinib. In some cases, health care professionals may use the trade name TYKERB when referring to the generic drug name lapatinib. Drug type: Lapatinib is a targeted therapy. Lapatinib is classified as a signal transduction inhibitor - tyrosine kinase inhibitor, inhibitor of EGFR and HER2.
230	Menstruation is a good time to remember to focus on foods rich in iron, which the Dietary Guidelines for Americans, 2010 names as a nutrient of real concern among women in their childbearing years. Just don’t view your period as an excuse to load up on double cheeseburgers.
231	Bullfrog Rana catesbeiana We have impressive Bullfrogs for sale at unbeatable prices. These tremendous frogs are incredible predators, willing to eat anything they can swallow, including insects, rodents, birds, and even baby turtles.
232	When the flooring on your boat's deck needs to be replaced, you may decide to replace it with vinyl boat flooring. Vinyl will look good for some time, it resists damage at least as well as any other flooring, except steel, and, in a boat, laying vinyl only requires one more step than laying vinyl in a house.emove the plywood sheet and use heavy-duty scissors to cut the vinyl along the pencil lines. Repeat this process for each piece of plywood. Lift the plywood sheets into the boat and lay them in place. Use a screwdriver to fasten them at the corners with screws.
233	Note: Values clarification was a popular exercise in the 1960’s and 1970’s. However, the use of such exercises became contentious in the later part of the century. Today, the scholars in values clarification emphasize the need to share with students that not all values are relative – within
234	You must be 18 years-old to go to a shooting range. However, you can be 16, if you have someone 21 or older with you. As far as buying a gun, you can actually be 18. Unfortunately, you must be 21 to purchase a handgun, but any other type of gun you are in the clear.
235	3,000 B.C. - Longshan culture - The Longshan (or Lung-shan) culture [龙山文化 L ngshān w nhu ], also sometimes referred to as the Black Pottery Culture, was a late Neolithic culture in the middle and lower Yellow River valley areas of northern China, dated from about 3000 to 2000 BC.,600 B.C. - Giza Pyramids - There is no doubt that the Pyramids of Giza, the best known of all the Egyptian monuments, have a strong connection to the epoch 2,600 to 2,300 BC, the same dates as Stonehenge.
236	Why Lifting Heavy is the Key to Weight Loss. You know that losing fat involves increasing your metabolism. What you may not know is that muscle plays a huge role in raising metabolism. A pound of muscle burns about 10-20 calories a day while a pound of fat burns 5 calories. That means any growth in your muscle tissue is going to help you burn more calories all day long. Increases resting metabolic rate so you burn more calories, even while at rest.
237	TURN ON TRANSLATION. This is a list of countries and the time difference between them and Rhodes or Greece. Rhodes island has the same time with the rest of Greece, and Greece has the same time everywhere. COUNTRY.
238	Best Answer: The mitochondria's MAJOR functions is to produce ATP (energy). The rest of the functions are as follows: signaling, cell differentiating, cell deaths ...
239	These tests are done: 1  To see if your kidneys are working normally. 2  To find out if your kidney disease is changing. 3  To see how well the kidneys work in people who take medicines that can cause kidney damage. 4  To check for severe dehydration.
240	The Harvard Economics Department typically receives over 700 applications and admits between 30-33 students each year. Although the number of well-qualified candidates greatly exceeds the number of offers, we invite all who would like to study Economics at Harvard to apply for admission.
241	For relief of symptoms, swallow 1 tablet with a glass of water. For prevention of symptoms, swallow 1 tablet with a glass of water right before or any time up to 30 minutes before eating food or drinking beverages that cause heartburn. Tagamet HB 200® can be used up to twice daily (up to 2 tablets in 24 hours).
242	What does it mean for when trophies, stack? You're browsing the GameFAQs Message Boards as a guest. Sign Up for free (or Log In if you already have an account) to be able to post messages, change how messages are displayed, and view media in posts.
243	Theft is a crime with related articles in the Wetboek van Strafrecht. 1  Article 310 prohibits theft (Dutch: diefstal), which is defined as taking away any object that (partly) belongs to someone else, with the intention to appropriate it illegally. Maximum imprisonment is 4 years or a fine of the fifth category.
244	3 elements oxygen in the nitrate Nitrate in the ammonium and nitrate Hydrogen in the ammonium
245	1 Calories, Fat, Protein, Fiber, & Carbs In Melba Snacks With Sea Salt. 2  Calories, Fat, Protein, Fiber, & Carbs In Bread Melba Garlic. 3  Calories, Fat, Protein, Fiber, & Carbs In Melba Snacks.  Calories, Fat, Protein, Fiber, & Carbs In Melba Rounds.
246	Crystals for healing should be used as a compliment to other therapies and not as a replacement for regular medical care. With that said, for your condition, I would like to suggest a combination of crystals that can help to ease pain and address the fibroids and cysts. To send healing energy to the fibroids and cysts and to relieve pain, I would recommend a combination of Amethyst, Danburite and Smoky Quartz. Amethyst is a powerful healing crystal and helps to relieve pain. Danburite fills the area in question with a supportive, universal healing energy (pink ray) of love and life.
247	rodents can be difficult to keep out of structures mice can squeeze through spaces as small as a dime and rats can fit through holes the size of a quarterfor proper rodent pest control seal any cracks and voidsodents can be difficult to keep out of structures mice can squeeze through spaces as small as a dime and rats can fit through holes the size of a quarter
248	Your rotator cuff is a group of four muscles and tendons that stabilize your shoulder joint and let you lift and rotate your arms. There are two kinds of rotator cuff tears. A partial tear is when the tendon that protects the top of your shoulder is frayed or damaged.
249	Santa's elves were likely a bit warm this week during final Christmas preparations. Temperatures at the North Pole soared to the melting point of 32 degrees Thursday, according to data from a nearby weather buoy. That might not sound balmy, but it's some 40 to 50 degrees above average at what's typically an unimaginably cold, pitch-black point in mid-winter. 1  In fact, the average winter temperature at the North Pole is about 40 degrees below zero, the Woods Hole Oceanographic Institution said.
250	Midrin, is a unique medication that can be used as a Migraine abortive or for tension-type headaches. It's a compound medication consisting of three ingredients-isometheptene mucate, dichloralphenazone, and acetaminophen.The isometheptene mucate helps reverse the vasodilation that sometimes occurs during a Migraine.Dichloralphenazone is a sedative, and acetaminophen is a simple analgesic.Midrin has been a problem to get for some time now. There was a shortage of one of the ingredients in 2007. That was followed by some kind of manufacturing issues the manufacturer (Caraco) had a bit later.ichloralphenazone is a sedative, and acetaminophen is a simple analgesic. Midrin has been a problem to get for some time now. There was a shortage of one of the ingredients in 2007. That was followed by some kind of manufacturing issues the manufacturer (Caraco) had a bit later.
251	Metastasis, or metastatic disease, is the spread of a cancer or other disease from one organ or part to another not directly connected with it. The new occurrences of disease thus generated are referred to as metastases /mə ˈtaes ˈtæs tə/ (siːz sometimes abbreviated). metslthough advanced cancer may cause pain, it is often not the first symptom. Some patients, however, do not show any symptoms. When the organ gets a metastatic disease it begins to shrink until its lymph nodes burst, or undergo lysis.
252	Full Definition of DIPHTHERIA. : an acute febrile contagious disease typically marked by the formation of a false membrane especially in the throat and caused by a gram-positive bacterium (Corynebacterium diphtheriae) that produces a toxin causing inflammation of the heart and nervous system.
253	If the users think that how they can contact Gmail technical support for the issues or errors, which can occur anytime. Then it's simple for the users to connect with the skilled and proficient technicians by dialing Gmail Technical Support Phone Number, which is available 24x7 days for help and support.
254	Alligator Point, Wakulla County, Florida Land for Sale. Looking for rural homes and land for sale in Alligator Point, Wakulla County, Florida? LandWatch.com has thousands of rural properties in Alligator Point, Wakulla County, Florida, including hunting & fishing properties, cabins, Land for sale and land auctions. Choose from small acreage lots to massive 500+ acre estates.
255	Originally called Stash, the name OPM, according to the band's frontman John E. Necro, is an abbreviation of the phrase Open People's Minds (originally Other People's Money). This was stated during an interview with MarijuanaRadio.com. The name also sounds like the drug opium.
256	When Australian scientist Ruben Meerman lost 30 pounds last year, one question kept bugging him: Where did the fat go? The answer might seem obvious: It was burned up, as we say — which implies that it was transformed into heat or energy.
257	Freebase (4.00 / 1 vote) Rate this definition: Homonym. In linguistics, a homonym is, in the strict sense, one of a group of words that share the same spelling and the same pronunciation but have different meanings. Thus homonyms are simultaneously homographs and homophones. The state of being a homonym is called homonymy.
258	When you pull forward with your calves, the motion works all your thigh muscles. A similar machine exercises your hamstring muscles, on the back of your thighs. Lie stomach down on the bench and hook your heels under a bar. When you bend your legs and pull the bar upwards, you exercise the back of your legs.
259	A. Vitamin B12 can be received in your diet through eating meats, eggs, milk and fish. The daily recommended daily requirement is set at 2.6 mcg. People that have a B12 deficiency may feel week, shaky, and experience mood disturbances. It is best to discuss your plan to take B12 as supplement with your doctor.
260	There are different methods used to develop an amortization schedule. 1  These include: 2  Straight line (linear) 3  Declining balance. 4  Annuity. 5  Bullet (all at once) 6  Balloon (amortization payments and large end payment) 7  Increasing balance (negative amortization)
261	Medically termed sinusitis, a sinus infection occurs when the cavities around your nose become swollen and inflamed. Sinusitis is most often caused by a virus and often lasts long after the other upper respiratory symptoms are gone. Rarely, fungus or bacteria may cause a sinus infection. Allergies, nasal polyps, a tooth infection, and a deviated septum are other ways in which sinusitis may be triggered.
262	Final grades due - 14-week courses. ** Withdrawal date is 66.66% into classes for non 14 and 15 week courses. For more information, contact Humber at: enquiry@humber.ca. Previously the academic calendar reflected a mid-week start of Wednesday, January 7, 2015 to the Winter 2015 semester.
263	ABO incompatibility is a relatively common type of hemolytic disease of newborns, and may occur during blood transfusion reactions of older people. For purposes of this article, we will discuss ABO Incompatibility of the newborn.hile ABO Incompatibility is not generally as dangerous as other types of hemolytic diseases of the newborn, there are complications that can be caused by this disorder. Complications of ABO Incompatibility may include:
264	The Autonomic Nervous System (ANS) is the involuntary division of the nervous system. It consists of autonomic neurons that conduct impulses from the central nervous system (brain and/or spinal cord) to glands, smooth muscle and cardiac muscle.
265	Part One: Create Your List of Addresses in Microsoft Excel. 1  Be sure to use column headings in the Excel document as those column headings are what you will need as the merge fields for the actual labels within Word.  Add all of your names and addresses to the sheet.
266	New York City events calendar - April 2017. Best film festivals, fun things to do, weekend shows, discount tickets, theater, Easter parade, egg hunts, events in NYC, New York. Best events for 12 months events12.com.
267	Blood alcohol content (BAC) or blood alcohol level is the concentration of alcohol in the bloodstream. It is usually measured as mass per volume. For example, a BAC of 0.04% means 0.4% (permille) or 0.04 grams of alcohol per 100 grams of individual's blood.Use the HealthStatus BAC Calculator for informational purposes only, and not to drink and drive or drink and work.Every state in the U.S. has a legal Blood Alchohol (BAC) limit of 0.08% per se.t is usually measured as mass per volume. For example, a BAC of 0.04% means 0.4% (permille) or 0.04 grams of alcohol per 100 grams of individual's blood.
268	Duckies is old English slang for boobs. There are love letters from Henry the 8th to Anne Boleyn saying that he cannot wait to rest his head upon her fine fine duckies.
269	Conjugated bilirubin. A water-soluble form of bilirubin formed in the liver by the chemical addition of sugar molecules to unconjugated bilirubin; when present in the blood, conjugated bilirubin can become chemically bound to albumin, forming delta-bilirubin (also known as biliprotein).onjugated bilirubin. A water-soluble form of bilirubin formed in the liver by the chemical addition of sugar molecules to unconjugated bilirubin; when present in the blood, conjugated bilirubin can become chemically bound to albumin, forming delta-bilirubin (also known as biliprotein).
270	For the best answers, search on this site https://shorturl.im/3E0d8. Your rising sign or Ascendant is a very important part of your horoscope. Your Ascendant is the sign that was rising over the eastern horizon at the time of your birth. That is why it is called the rising sign.
271	Bangad Name Meaning Historically, surnames evolved as a way to sort people into groups - by occupation, place of origin, clan affiliation, patronage, parentage, adoption, and even physical characteristics (like red hair).
272	Definition of crux. cruxes. cruces. 1 : a puzzling or difficult problem : an unsolved question The origin of the word is a scholarly crux. 3 : a main or central feature (as of an argument) … he discarded all but the essential cruxes of his argument.
273	Kia Fourth of July Sale 2016. VanDevere Kia in Akron, Ohio. VanDevere Kia is celebrating America's Independence Day with great savings on new and used Kia models during our 2016 Kia Fourth of July Sale.
274	As the plates move across the Earth's surface, they interact with one another at plate boundaries, which are places where earthquakes and volcanoes are common. Typically, plate boundaries are also places of great mineral wealth.
275	Learn what your goal AHI should be to maximize the benefits of using CPAP for optimal therapy and how the pressures are determined and should be adjusted.
276	There are a few caveats when you go with free blog sites: 1  You have a shared domain (this website on WordPress.com would be www.blogbasics.wordpress.com, for example). 2  You don’t technically own the blog or its content. 3  You won’t be able to make a lot of money on a free blog.
277	Glial cells, sometimes called neuroglia or simply glia (Greek γλοία glue; pronounced in English as either /ˈɡliːə/ or /ˈɡlaɪə/), are non-neuronal cells that maintain homeostasis, form myelin, and provide support and protection for neurons in the central nervous system and peripheral nervous system.n general, neuroglial cells are smaller than neurons; there are about 86 billion neurons and 85 billion nonneuronal (glial) cells in the human male brain. Glial cells comprise about half the total volume of the brain and spinal cord.
278	IMPORTANT: Malware files can masquerade as legitimate files by using the same file names. To avoid deleting a harmless file, ensure that the Value column for the registry value displays exactly one of the paths listed in Location of Remove Spytech SpyAgent.lnk and Associated Malware.
279	Yes, whales are mammals, however due to the fact that they live in the ocean these large animals are referred to as marine mammals. In fact the blue whale is the largest living mammal (and animal species) on this earth. In terms of size the blue whale can grow to lengths of over 90 ft. long and weigh more than 150 tons.
280	Definition of transform. transitive verb. 1a : to change in composition or structureb : to change the outward form or appearance ofc : to change in character or condition : convert. 2 : to subject to mathematical transformation. 3 : to cause (a cell) to undergo genetic transformation. intransitive verb.
281	“The kitten’s eyes remain closed until approximately 7 to 10 days after birth although the age at which they open ranges between 2 and 10 days. It takes an average of 2 to 3 days for both eyes to open completely.”.
282	FOUR ABDOMINAL QUADRANTS RIGHT UPPER QUADRANT • Liver • Gallbladder • Duodenum • Head of the pancreas • Right Adrenal gland • Upper lobe of right kidney • Hepatic flexure of colon • Section of ascending colon • Section of transverse colon RIGHT LOWER QUADRANT • Lower lobe of right kidney • Section of ascending colon • Right fallopian tube (female) • ...
283	That same year, she married Gavin Newsom, a city supervisor from a prominent family; he was elected mayor in 2003. Kimberly is extremely visible in San Francisco society, as a member of many charitable organizations, and maintains close ties with the Getty family. In 2004, she moved to New York to become a legal consultant for MSNBC, CNN and CourtTV. In January 2006, Kimberly joined Fox News Channel where she is host of The Lineup (2005). She is also a legal analyst for the Fox News Channel.
284	The full team of Jumeirah colleagues are here to make your stay in Dubai even more rewarding. Contact Jumeirah Emirates Towers PO Box 72127, Dubai, UAE For hotel enquiries please contact us directly:Tel: +971 4 330 0000Fax: +971 4 330 3030Email: JETinfo@jumeirah.com.he spectacular views from the hotel itself are complemented by the stellar accommodation and business services you’ll find within. Jumeirah Emirates Towers in Dubai redefines the business hotel experience; seamlessly combining high technology, efficiency and unparalleled luxury.
285	Full Answer. In some countries, including the United States, prostitution is legal in limited situations, such as in specific areas or regions. Other nations with limited prostitution include Bangladesh, Bulgaria, Iceland, India, Norway, Spain and Sweden.
286	Compressing http://cisap.asia/images/map.png could save 1.8KiB (45% reduction). Minify HTML Compacting HTML code, including any inline JavaScript and CSS contained in it, can save many bytes of data and speed up download and parse times.
287	What are Outriggers Used For? Mainly used in deep sea trolling, outriggers are a pair of long poles fitted on both sides of a boat that holds fishing lines away from the boat.It is usually made of fiberglass and aluminum, and is tilted at an angle between 70 to 80 degrees.enerally, outriggers improve the chances of a fish striking because not only does it allow the angler to cover more ocean space, it also permits the use of multiple lines.
288	The Best Wireless Routers of 2017. A good router is essential to making the most of your PC, phone, and other connected devices. Here are our top-rated models, along with advice about shopping for one.
289	The average pay for a Merchandiser is $11.74 per hour. Pay for this job does not change much by experience, with the most experienced earning only a bit more than the least. People in this job generally don't have more than 20 years' experience.
290	A specific antidote for oxcarbazepine does not exist. What are the possible side effects of Trileptal®? Potential side effects of oxcarbazepine include: headache, dizziness, sedation, unsteady or abnormal gait, fatigue, tremor, double vision, abnormal vision, nausea, vomiting, stomach pain, and indigestion.
291	Hyatt Centric debuts in Tokyo. Hyatt Hotels Corporation has announced the expansion of the Hyatt Centric brand with the development of the first Hyatt Centric hotel in Tokyo, Japan.
292	There are many different grades of steel that encompass varied properties. These properties can be physical, chemical and environmental. All steel is composed of iron and carbon. It is the amount of carbon, and the additional alloys that determine the properties of each grade.
293	Internally, stratified squamous epithelium has no need to be keratinized because it is not in contact with the outside world. So in areas such as the esophagus and the lining of the mouth, we find non-keratinized tissue.
294	ICD-10: Re-Evaluate the Way You Report Abnormal Pap Smear Results. - Published on Wed, Mar 09, 2011. Good news: ASC-US, ASC-H, LGSIL, and HGSIL will have one-to-one matches. When a patient's cervical Pap smear returns abnormal results, you should report 795.0x (Abnormal Papanicolaou smear of cervix and cervical HPV).
295	Poppy Symbolism. The flower symbolism associated with poppies is beauty, magic, consolation, fertility and eternal life. The Egyptians included poppies at funerals and in burial tombs. The Greeks used poppies in the shrines of Demeter, goddess of fertility, and Diana, goddess of the hunt. Poppies denote sleep, rest and repose.
296	Radio Frequency Wireless Technology in Medical Devices - Guidance for Industry and Food and Drug Administration Staff. This guidance represents the Food and Drug Administration's (FDA's) current thinking on this topic.
297	importer of record. Customs term for the entity responsible for (1) ensuring the imported goods comply with local laws and regulations, (2) filing a completed duty entry and associated documents and (3) paying the assessed import duties and other taxes on those goods.
298	DHL Express (UK) welcomes your comments and enquiries on any aspect of our service. Please select the nature of your enquiry from the list below and complete the form. If you would like to speak to a Customer Service advisor, please call Customer Service.
299	Mastoiditis may occur as a complication of acute or chronic otitis media. Acute otitis media (AOM), an acute illness marked by the presence of middle ear fluid and inflammation of the mucosa that lines the middle ear space, is discussed separately. (See Acute otitis media in adults (suppurative and serous).)
300	Making Golden Milk. Add 1 tsp of the turmeric paste to 1 cup. hot milk (cow, goat, soy, rice, almond, or any combination), maple syrup or honey to taste and 1/2 tsp. of almond or sesame oil.Gently heat and stir and then Enjoy!And yes….the Disclaimer.dd 1 tsp of the turmeric paste to 1 cup. hot milk (cow, goat, soy, rice, almond, or any combination), maple syrup or honey to taste and 1/2 tsp. of almond or sesame oil.
301	You can enter the exact address, but please note that it is possible that some information are not available. Change the route for US. After generating the route Houston,TX-San-Angelo,TX could be changed by simply dragging the line with the mouse. The change can be applied to any intermediate points of that route as well as the points of departure and arrival.
302	Glencoe weather forecast from AccuWeather.com. Extended forecast in Glencoe, AL 35905 for up to 25 days includes high temperature, RealFeel and chance of precipitation Glencoe weather forecast from AccuWeather.com. Extended forecast in Glencoe, AL 35905 for up to 25 days includes high temperature, RealFeel and chance of precipitation my recent locations °f Glencoe, AL 49°
303	The World's most comprehensive professionally edited abbreviations and acronyms database. All trademarks/service marks referenced on this site are properties of their respective owners.
304	Printable Piedmont Lake fishing map located near Southeast Ohio showing boat ramp locations along with fishing opportunities.
305	Future Full-Time Tuition and Fees. Tuition for out-of-state students attending Georgia Southern University increased at an average annual rate of 2.5% over the past 5 years. Over that same period, fees grew by 11.8%. Based on this, we estimate the cost of tuition and fees for 2015 - 2016 will total $17,093.
306	Blend hot and cold ingredients. Serve More With A Single Blend. Maximize your kitchen’s possibilities with. the largest capacity, countertop blender. Blend up to 24 (240 mL) servings at once! The XL is engineered to reduce prep-time, improve staff efficiency, and expand your. menu capabilities. Smart Product Design. • Powerful ≈4,2 peak output HP motor.
307	Diabetes (Definition) Presistent increased frequency of emptying bladder, urinating, as a symptom of a disease state. 2 types: Mellitus (high blood glucose) & Insipidus (inadequate anti-diuretic hormone).
308	 The application fee for a new Improvement Permit is as follows:  $160.00 for a septic tank system with a daily design flow equal to or less than 600 gallons per day.  $300.00 for a septic tank system with a daily design flow from 601 gallons per day to 1500 gallons per day.MPROVEMENT PERMIT – An Improvement Permit advises whether or not the site selected can be approved for a subsurface wastewater treatment and disposal system. This type of permit is not an authorization to apply for a building permit or to install the septic tank system.
309	It is the fifth month in a row the RBA has left the cash rate on hold. In a widely expected decision, the Reserve Bank has kept the official interest rate on hold at the record low level of 2 per cent, but the accompanying statement shed very little light on the Bank's future intentions.t's currently trading at 71.15 US cents. It is the sixth month in a row the Reserve Bank has had the cash rate at 2 per cent, with most economists expecting no change until the first half of next year at the earliest.
310	BAD Ideas For Kidney Stone Treatment! 1. Dairy and meat are the primary cause of uric acid form in the kidneys which helps stones get started, thrive and grow in size. 2. There is a substance called “oxalate” which is present in many foods and helps stone to form, rather than dissolve them.
311	Let’s look at the “other” ingredients listed on the Shakeology bag, and what they mean, and if they are bad for you. 1  Natural Sweetener Blend (Non-GMO Fructose, Stevia): this is how the 6 grams of sugar in each serving come to being.
312	The primary targets of the stiff-legged dumbbell deadlift are your hamstrings. The hamstrings comprise a group of muscles that run along the back of your thigh. The muscles that make up the hamstrings are the biceps femoris, semitendinosus and semimembranosus.
313	METFORMIN & CARBS? I have been diagnosed with pre-diabetes and have been put on Metformin ER, 500mg once a day to begin with. In reading different messages and concerns, I have seen several comments on other sites that one has to be careful and watch carbs when taking this medication. Can anyone tell me why?
314	A healthy adult heart rate can range from 60 to 100 beats per minute during rest. Kids' heart rates can be as low as 60 beats per minute during sleep and as high as 220 beats per minute during strenuous physical activity. It's normal for athletic kids to have slower resting heart rates, often in the 40s or 50s.
315	It has been linked to asthma, skin conditions, hormone disruption, and in long-term animal studies to cancer and damage to DNA. -PGPR is short for polyglycerol polyricinoleate, a goopy yellowish liquid made from castor beans that reduces the viscosity of chocolate. Since 2006, big chocolate manufacturers such as Hershey’s have been replacing the expensive raw ingredient cocoa butter with PGPR in their recipes. PGPR is produced by Danisco, a Dupont company.
316	List of counties in Arizona. See also: List of United States counties and county-equivalents. There are 15 counties in the U.S. state of Arizona. Four counties (Mohave, Pima, Yavapai and Yuma) were created in 1864 following the organization of the Arizona Territory in 1862.
317	hey bro Silicates are minerals that contain silicon and oxygen, and usually one or more other elements. – Silicates make up approximately 96 percent of the minerals found in Earth's crust. – The most common minerals, feldspar and quartz, are silicates.
318	1 There are tests people can take on their own and others that must be administered by a tra…. 2  Understanding IQ Scores and Genius Status The intelligence quotient (IQ) was developed to identify children who would have difficulty keeping up in the public school system.
319	The coldest temperature ever recorded east of the Mississippi River was -60°F in Tower, Minn., on Feb. 2, 1996. Hawaii is the only state that's never recorded a below-zero temperature.Many are surprised at Hawaii's 12°F reading.airbanks, Alaska, recorded its coldest January on record with a mean temperature of -31.7°F. (The monthly mean is the average of all of the daily highs and lows for the month.)F.
320	An energy pyramid is a presentation of the trophic levels in an ecosystem. Energy from the sun is transferred through the ecosystem by passing through various trophic levels. Roughly 10% of the energy is transferred from one trophic level to the next, thus preventing a large amounts of trophic levels.hen an ecosystem is healthy, this graph produces a standard ecological pyramid. This is because in order for the ecosystem to sustain itself, there must be more energy at lower trophic levels than there is at higher trophic levels.
321	The Troy-Bilt 2100 is a single-stage blower which is engineered with excellent features to tackle most of your home snow cleaning jobs. It is ideal for small to medium driveways which can take three cars.
322	In some cases, a fighting charge may be dropped after an arrest or be prosecuted as a misdemeanor. However, in more serious cases where a weapon was involved or there was severe bodily harm, the fighting charge can be prosecuted as a felony and lead to significant consequences, including up to 15 years in prison.
323	The lithosphere, which is the rigid outermost shell of a planet (the crust and upper mantle), is broken up into tectonic plates. The Earth's lithosphere is composed of seven or eight major plates (depending on how they are defined) and many minor plates.
324	Pick out a rabbit litter box. Purchasing a litter box and training your rabbit to use it is very important if you are having your rabbit live indoors. A triangular litter box to place in the corner of the cage or pen is very convenient. 1  Your rabbit may not use the litter box right away, so be patient.2  You will need to litter box train them. Consider an open-top cage, like a puppy pen. 2  This will give the rabbit more freedom to move around and will feel less confining. 3  Just make sure it is at least 35 inches (88.9 cm) high, so the rabbit cannot jump out. 4  If you want to create an outdoor hutch for your rabbit, the specifications are different.
325	Your calorie allotment for effective weight loss is 500 to 1,000 fewer calories than your usual daily intake, notes the Centers for Disease Control and Prevention. For many adults, this amount is 1,200 to 1,600 calories per day, according to the National Heart, Lung and Blood Institute.
326	Examples: 1  A person's height: could be any value (within the range of human heights), not just certain fixed heights, 2  Time in a race: you could even measure it to fractions of a second, 3  A dog's weight, 4  The length of a leaf,
327	1 Calories, Fat, Protein, Fiber, & Carbs In German Potato Salad. 2  Calories, Fat, Protein, Fiber, & Carbs In Red Potato Salad. 3  Calories, Fat, Protein, Fiber, & Carbs In Hot German Potato Salad. 4  Calories, Fat, Protein, Fiber, & Carbs In Publix Potato Salad.  Calories, Fat, Protein, Fiber, & Carbs In Red Bliss Potato Salad.
328	The CET is a tariff. agreed on by the MERCOSUR countries for imports from non-MERCOSUR countries. The average CET is 14 percent with a low of 0 percent and a high of 20 percent, depending on the type of merchandise.
329	New York is the largest metro area in the United States. It includes the island of Manhattan, an eight-county area immediately north, western Long Island, and Staten Island. It is the fourth largest in the world behind Tokyo, Mexico City, and Sao Paulo, Brazil. Regardless of how the area is defined, New York is among the richest and most complex places to live in America.
330	Definition of PARLIAMENTARY GOVERNMENT. : a system of government having the real executive power vested in a cabinet composed of members of the legislature who are individually and collectively responsible to the legislature.ADVERTISEMENT.weet. : a system of government having the real executive power vested in a cabinet composed of members of the legislature who are individually and collectively responsible to the legislature.
331	In 1959, White Castle expanded into new markets for the first time since the 1920s. Billy Ingram, who had retired to Miami in 1958, built three White Castle restaurants there. The company closed the Florida operations in 1967 due to inefficient supply distribution.
332	What is the 'Residual Value'. The residual value of a fixed asset is an estimate of how much it will be worth at the end of its lease, or at the end of its useful life. The lessor uses residual value as one of its primary methods for determining how much the lessee pays in lease payments.
333	Disturbance in function of the temporal lobe may be caused by ischaemic or haemorrhagic damage, as with a cerebrovascular event (CVE). Disturbance of temporal lobe function may also occur with space-occupying lesions and with trauma; it may also be associated with epilepsy.
334	As it turned out, the future diversity chair for APAGS was flummoxed by one of his first clients. He was going on and on about confession, using a lot of Catholic lingo that I'm not familiar with, says Mattu, now chair-elect of APAGS.
335	verb (used with object) 1. to offer or expose to view; present for inspection: to exhibit the latest models of cars. 2. to manifest or display: to exhibit anger; to exhibit interest. 3. to place on show: to exhibit paintings.
336	1 Beat butter and sugar in large bowl with electric mixer until creamy. 2  Beat in egg unti light and fluffy. 3  Mix in flour, lemon juice and peel, baking powder and salt. 4  Cover refrigerate about 2 hours or until firm.
337	However, according to a California appellate court, while a treating physician who is deposed “solely as a percipient witness” is not entitled to charge a fee, they are permitted to charge reasonable expenses for the time spent in the deposition.
338	condition in which 1 part of a culture is not keeping pace with another part selective perception how individuals perceive what they want in society and disregard that rest.
339	The current RDA for protein is 0.8 grams per kilogram of body weight per day, or about 0.36 grams of protein per pound of body weight, according to the Institute of Medicine.Consuming the protein RDA can help maintain your lean muscle mass.owever, to build muscle and gain weight the Academy of Nutrition and Dietetics recommends you consume 1.4 to 1.8 grams per kilogram, or about 0.64 to 0.82 grams of protein per pound of body weight each day.
340	1 Should any one of the Articles of Impeachment be approved by a simple majority vote, the President will be impeached.. 2  However, being impeached is sort of like being indicted of a crime. 3  There still has to be a trial, which is where the US Senate comes in.
341	Another drawback is that hydrostatic processes generate a lot of heat which must be shed (hence the fan on the input pulley) or the build up of heat will lead to foaming and burning (carbonizing) of the oil inside the transmission. When the oil foams, hydrostatic processes diminish or stop, and so does the tractor.
342	Average snowfall is 7.6 inches annually. For current weather and a seven-day forecast, click here. Save with Special Deals & Offers Before you take your next trip to Greater Williamsburg, check out our vacation packages. See deals and packages so you can relax, be curious and have fun with your family. Find Vacation Packages
343	The Louisiana Purchase stretched from the Mississippi River in the east to the Rocky Mountains in the west. Its southernmost tip was the port city of New Orleans and the Gulf of Mexico. To the North it included much of Minnesota, North Dakota, and Montana up to the border of Canada.
344	PRI-724 is a potent, specific inhibitor of the canonical Wnt signaling pathway in cancer stem cells with potential antineoplastic activity. PRI-724 specifically inhibits the recruiting of beta-catenin with its coactivator CBP.
345	Anemia of inflammation or chronic disease. Anemia of inflammation chronic disease is the most common cause of anemia in the elderly. Numerous diseases have inflammation as a consequence; in the elderly some of the more common include acute or chronic infections, arthritis or malignancy.hen anemia is present in older persons it is likely due to some underlying condition that requires further investigation or therapy. Key to understanding anemia in the elderly is the distinction between anemia caused by iron deficiency or anemia caused by inflammation—often called anemia of chronic disease.
346	By clicking Publish, you are confirming that the image fully complies with TV.com’s Terms of Use and that you own all rights to the image or have authorization to upload it.
347	Please be advised that a Special Meeting of the Mount Vernon City Council will be held on Friday, March 31, 2017 at 9:00 A.M. in the City Council Chambers, Second Floor, City Hall, Mount Vernon, New York. For the Purpose of: “NEW YORK STATE D.E.C.
348	Office of Federal Contract Compliance Programs (OFCCP) Monitors contractor compliance with the nondiscrimination and affirmative action provisions of the Vietnam Era Veterans' Readjustment Assistance Act of 1974 (VEVRAA). Veterans' Employment and Training Service (VETS)
349	After a series of celebrated accounting debacles, Congress enacted the Sarbanes-Oxley Act of 2002 (or Act), 116 Stat. 745. Among other measures, the Act introduced tighter regulation of the accounting industry under a new Public Company Accounting Oversight Board.
350	Marine Corps Recruit Depot Parris Island is poised to evacuate about 6,000 recruits from the South Carolina Lowcountry if Hurricane Matthew moves up the East Coast as expected.
351	A. Regular Education Classes/Inclusion. Collaboration/consultation/co-teaching services focus on special educators (Intervention Specialists) and general educators working together to best meet the needs of students with disabilities as well as children who may be at risk.
352	Yes, you have employment for four years, but it’s employment that you don’t like and which isn’t paying you what you’re worth somewhere else. So you’d be signing up for four years of low quality of life. (There’s also no certainty that you’ll be secure there for four years, despite the contract.
353	To set a travel notice, sign in to Online Banking. If you do not have access to Online Banking, you can set a travel notice by calling the number on the back of your card and speaking with a Bank of America associate. If you encounter any issues after the travel notice has been placed, we're here to help.
354	Get a list of the best eye drops for pink eye or conjunctivitis, antibiotic, over the counter and ointments for pink eye. You will also know some side effects and general use of these drops for eyes with conjunctivitis. •Erythromycin/Ilotycin eye drop for conjunctivitis.
355	Please carefully read this guide before installing or using this. product . Save this guide for the local electrical inspector’s use . 3 . This range hood has a thermally protected system for the motor, which will shut down automatically if the motor is overheated . If. the overheat protection trips, disconnect the power and wait for. 10 minutes for the motor to cool down . Installation Safety Information. 1 .
356	The voluminous black robe of a Benedictine monk (and daughter orders of the Benedictines: e.g. Cistercians, Trappists, Carthusians) is called a cucula. It is given during the final profession of vows, and is worn for solemn religious services, but is optional most of the time.
357	Nope, I'm not getting a haircut. I won't get a hair cut that's over $100, unless I become a millionaire one day and can afford burning couple hundreds every day for fun... I'm trying to get some treatment as well as perm. I have really long hair and lots of hair, so i have to pay bunch more.
358	Definition and Principles of Unity of Command. Unity of command provides that an employee is responsible to only one supervisor, who in turn is responsible to only one supervisor, and so on up the organizational hierarchy. This is true even if the top of the organization is led by a group of people.
359	When to use Objects. 1  JavaScript does not support associative arrays. 2  You should use objects when you want the element names to be strings (text). 3  You should use arrays when you want the element names to be numbers.
360	After the blood gets oxygen in the lungs, it is called oxygen-rich blood. Oxygen-rich blood flows from the lungs back into the left atrium (LA), or the left upper chamber of the heart, through four pulmonary veins. Oxygen-rich blood then flows through the mitral valve (MV) into the left ventricle (LV), or the left lower chamber.
361	Chocolate as a “candy” is the crap you get that barely has any real cacao in it, and the main ingredients are high-fructose-corn-syrup, petroleum wax, artificial food colorings, lots of preservatives, etc. . . with just enough cacao to satisfy the food labeling laws.hocolate and gout are a perfect match. . . so much so that I believe medicinal-grade chocolate is an essential ingredient in an effective gout diet. Not only is chocolate a “miracle food” when it comes to gout prevention, but it also knocks down the inflammation of an active gout flare.
362	David Hammer. As founder and CEO, David leads the Emissary team on its mission to democratize access to experience. Prior to Emissary, David spent 6 years as a product manager at Google, where he founded Google’s Doubleclick Bid Manager product, a central component of Google’s Display Advertising business.rior to Emissary, David spent 6 years as a product manager at Google, where he founded Google’s Doubleclick Bid Manager product, a central component of Google’s Display Advertising business.
363	Pour 1 cup warm water into a medium bowl; add sugar and sprinkle with yeast. Let stand until foamy, 5 minutes. Whisk oil and 1 teaspoon salt into yeast mixture. Add flour and stir with a wooden spoon until liquid is incorporated (dough will appear dry). Turn out onto a floured work surface.
364	Employment of kindergarten and elementary school teachers is projected to grow 6 percent from 2014 to 2024, about as fast as the average for all occupations. Growth is expected because of projected increases in student enrollment. However, employment growth will vary by region.
365	I have picked 7 chemicals, molecules, or objects (the distinction between these terms is not always clear) and calculated a (very) approximate radius (in nm), the diffusion coefficient (in SI units times 10 12) and the time in seconds required to diffuse 10 microns (the diameter of a typical animal cell).
366	Prince Charles Philip Arthur George Mountbatten was born on November 14, 1948, almost a year after his parents' marriage. His mother is Princess Elizabeth, who later became Queen Elizabeth II and his father is Prince Philip, Duke of Edinburgh.
367	my pain is on the back side of my left hip. I don’t know why all of a sudden it hurts. its not worse I think (or hope) because it only triggers momentarily. by the way, I have I don’t know if it’s in the muscle or bone but it hurts anyway, on the same, left side too. it really hurts when I bend my left leg.
368	Kyle Richards Net Worth is $20 Million. Kyle Richards Net Worth is $20 Million. Kyle Richards is an actress of film and television, with a net worth of $20 million. Kyle Richards earned her net worth through her acting roles in films and her appearances in several television shows, includi. Kyle Egan Richards (born Jan...
369	RE: Does your temperature rise/drop before or after your period? I am charting my basal temp for the first time this month. I know that my temp rises 1-2 days after ovulation. But I am wondering when the menstral change occurs-before or after my period and does it rise or fall?
370	A position, resembling that of the fetus in the womb, sometimes adopted by a child or adult in a state of distress or withdrawal. The position is one in which the body is drawn into itself. The head is bent forward, the spine is curved, the arms are crossed over the chest and the hips and knees are fully bent (flexed).
371	_____ is the reduction of pore space in sediment as a result of the weight of the overlying sediments a _____ is a wave-resistant structure that is built from marine invertebrates A turbulent gravity driven flow consisting of water and sediment is known as _____ current
372	The most common causes are fatigue, stress, and eye problems. Nutritional deficiencies or too much of certain substances, such as caffeine and alcohol, can also trigger twitching. Less common but more serious causes of an eyebrow twitch include dehydration, diabetes, and anemia, among other disorders.
373	Updated June 30, 2016. Gastroschisis is a birth defect in which an infant is born with some or all of his/her intestines on the outside of the abdomen due to an abnormal opening in the abdominal muscle. The opening can range from small to large, and in some cases other organs can also protrude through the hole. Young mothers who use recreational drugs early in pregnancy or who smoke have a higher risk of having an infant born with gastroschisis, but in many cases, it is not known what causes the disorder.
374	Nash Grier (born December 28, 1997) is an American internet personality.He became known for his online Vine videos in early 2013.s of July 2015, Nash has amassed over 12 million Vine followers, 4.4 million subscribers on his YouTube channel, 4.8 million Twitter followers and his Instagram account with 8 million followers. His second Vine account, Nash Grier 2, where he post less scripted videos, has amassed more than 2 million followers.
375	1 Your doctor or pharmacist will usually tell you how many Zantac tablets to take and how often to take them. 2  You will also find this information on the label of your medicine. 3  The normal adult dosage is 150 to 300 milligrams per day, taken as one 150 mg tablet once or twice a day, or one 300 mg tablet at bedtime.
376	• Gift giving — accepting from or giving to a particular client. The supervisor should explore the meaning of the gift and perception of changed relationship. • Boundary problems in home — Family-based services can create ambiguous situations, and the supervisor needs to explore potentially changed relationships.
377	If you're interested in a new A/C unit, it's good to know how to determine the costs of a central air conditioning system. 1: Chose the ideal air conditioner size The first step in getting a new air conditioner unit installed is determining what size you'll need.
378	A Tiffany lamp is a type of lamp with a glass shade made with glass designed by Louis Comfort Tiffany and his design studio.The most famous was the stained leaded glass lamp. Tiffany lamps are considered part of the Art Nouveau movement.Due to Tiffany's dominant influence on the style, the term 'Tiffany lamp' or 'Tiffany style lamp' has been often used to refer to stained leaded glass lamps even those not made by Louis Comfort Tiffany's company.ue to Tiffany's dominant influence on the style, the term 'Tiffany lamp' or 'Tiffany style lamp' has been often used to refer to stained leaded glass lamps even those not made by Louis Comfort Tiffany's company.
379	Fire Intensity. Fire intensity is influenced by environmental conditions, such as fuel load (amount of leaf and grass litter), litter moisture, litter size, air temperature, relative humidity, and wind speed, as well as the firing technique used.
380	Law Enforcement Accreditation. While not a type of law enforcement agency, one designation to look for when evaluating departments is CALEA Accreditation. CALEA, which stands for the Commission on Accreditation for Law Enforcement Agencies, is the international authority on law enforcement standards.
381	As a member of the selectmen-appointed Pipeline Study Committee , and a concerned abutter of the proposed , 12-inch natural gas pipeline by Kinder Morgan Co Northeast Energy Direct-Worcester Lateral , I am encouraging voters to approve Town Meeting Article 36 , which asks voters to request selectmen to ensure the continued protection of Article 97 ...
382	A: Slavonic Benevolent Order of the State of Texas is located at 6475 Gholson Rd, Waco, TX 76705. Q: When was Slavonic Benevolent Order of the State of Texas in Waco, TX founded? A: Slavonic Benevolent Order of the State of Texas was founded in 2010 and has been operating for 8 years.
383	Too much fat keeps bark from forming on your meat, but no fat will leave a tasteless bark. You want to leave a nice, thin layer of fat. This thin layer will render during the smoking process and give that bark an excellent flavor. Step #3: Smoke-Don't Steam!
384	The protecto plate was a factory identification card that was supplied through the dealer to the lucky recipient of a brand new 1967 Chevelle. It came in the back of the booklet shown above and carried coded information about the factory installed equipment / options for that particular vehicle, and this is why they are so talked about now.... it is proof of how the car was originally delivered.
385	The leading cause of a wheel bearing failing is its seal. The inside of a bearing can be a hot place. When a bearing is cooling off, the contracting metal, air and lubricant can create a vacuum that is hopefully held by the seals.
386	1) Your facial hair has to be clean and dry before applying Just For Men. Facial hair can absorb skin oil and perspiration which can cause uneven shading and premature fading. Wash it with baby shampoo and dry thoroughly (use a hair dryer if needed).
387	FOV stands for Field-of-View and it is the width of the image as seen through optics. This is often quoted as width at distance or in degrees. For example, 300ft@1000yrds would mean when the optics are focused at an object 1000 yards away, the width of the entire image as seen through the optics is 300 feet wide.
388	4. KALASH 510 SL is actively absorbed through immature bark and leaves of most plants and. trees. Contact with immature bark, such as in trees younger than three years, can result in. serious localised or translocated damage.
389	Road trip planner. The total cost of driving from Detroit, MI to Orlando, FL (one-way) is $107.67 at current gas prices. The round trip cost would be $215.34 to go from Detroit, MI to Orlando, FL and back to Detroit, MI again.Regular fuel costs are around $2.32 per gallon for your trip.This calculation assumes that your vehicle gets an average gas mileage of 25 mpg for a mix of city and highway driving.oad trip planner. The total cost of driving from Detroit, MI to Orlando, FL (one-way) is $107.67 at current gas prices. The round trip cost would be $215.34 to go from Detroit, MI to Orlando, FL and back to Detroit, MI again.
390	All US Army Salaries. How much does a Cadet at US Army make in West Point, NY? The typical salary for a US Army West Point Cadet ranges from $12,000-$13,247, with an average salary of $12,585. Salaries estimates based on 5 salaries submitted anonymously to Glassdoor by US Army Cadet employees in West Point, NY.
391	First, there are three ways in which you can keep chickens: 1  Free range Advantages: It's fun and you get to see the chickens run all around. 2  Limited range You can make up a fence (see fence section below) which will contain them. 3  Completely housed (in a coop) Advantages: Safety.
392	Stephanie Seymour Net Worth is $15 Million. Stephanie Seymour is an actress/model with a net worth of $15 million. Stephanie Seymour accumulated her net worth by appearing in several well known magazines through her modeling career and for her acting. Stephanie Michelle Seymour (...
393	As the name suggests, volcanic mountains are formed by volcanoes. Volcanic Mountains are formed when molten rock (magma) deep within the earth, erupts, and piles upon the surface. Magna is called lava when it breaks through the earth's crust. When the ash and lava cools, it builds a cone of rock.
394	Think of your liver like your own personal filtering system: Suck in the bad and spit out the good. The liver has many important functions that keeps a person healthy. It removes harmful material from the bloodstream and helps digest food, says holistic nutritionist Hermeet Suri from Mississauga, Ont.
395	Hives can appear on any area of the body; they may change shape, move around, disappear and reappear over short periods of time. The bumps - red or skin-colored “wheals” with clear edges - usually appear suddenly and go away just as quickly.
396	1937 -- Asteroid Hermes -- about a kilometer in diameter -- misses Earth by 600,000 miles. Hermes, although smaller than the 'roid that snuffed the dinosaurs, could have been a true category killer, able to cause epic devastation and kill millions.
397	Sharp televisions automatically scan for available channels on your cable or antenna when you go through the initial setup. This feature prevents accidentally tuning into a channel that does not have a broadcaster in your area.
398	See more words with the same meaning: Internet, texting, SMS, email, chat acronyms (list of). See more words with the same meaning: good, okay, cool, awesome, fun. See more words with the same meaning: impressive. Last edited on Dec 13 2014.
399	Igneous Rocks. Igneous rocks are formed from lava or magma. Magma is molten rock that is underground and lava is molten rock that erupts out on the surface. The two main types of igneous rocks are plutonic rocks and volcanic rocks. Plutonic rocks are formed when magma cools and solidifies underground.Volcanic rocks are formed from lava that flows on the surface of the Earth and other planets and then cools and solidifies. The texture of an igneous rock depends on the size of the crystals in the rock.This tells us if the rock is plutonic or volcanic. When magma cools underground, it cools very slowly and when lava cools above ground, it cools quickly. When magma and lava cool, mineral crystals start to form in the molten rock.his tells us if the rock is plutonic or volcanic. When magma cools underground, it cools very slowly and when lava cools above ground, it cools quickly. When magma and lava cool, mineral crystals start to form in the molten rock.
400	Carparts can help you with that.Check out our vast inventory of auto parts and pick what you need. • Our hood struts allow easy access to engine parts. • A sturdy hood strut makes roadside under-the-hood repair jobs easier.. • Made from durable material, our hood struts can last your car a long time.
401	In a 2008 study, researchers followed 21,327 male physicians for 20 years and found that egg consumption-up to 6 per week-was not linked with a greater risk of heart attack, stroke or dying from all causes.
402	**Average National SAT Scores for 2014**. Answer: Your SAT score can range anywhere from a 600 on the very lowest end, to a 2400 on the very highest end since each SAT section (Critical Reading, Writing, and Mathematics) is worth between 200 and 800 points a piece.
403	160 people found this helpful. Call the IRS: 1-800-829-1040 hours 7 AM - 7 PM local time Monday-Friday. When calling the IRS do NOT choose the first option re: Refund, or it will send you to an automated phone line. So after first choosing your language, then do NOT choose Option 1 (refund info). Choose option 2 for personal income tax instead. Then press 1 for form, tax history, or payment.
404	The Latest. August 18, 2017. Learn How You Can Help Victims of Animal Fighting! You can help pass the HEART Act, a bill that would speed up the rehabilitation and rehoming processes for animals seized in federal animal fighting cases, enabling them to find new homes sooner.
405	A simple saltwater gargle is prepared by dissolving 1/4 to 1/2 teaspoons of salt in an 8-ounce glass of warm water and use it as you would any mouthwash, by throwing your head back and gargling right before it hits the cartilaginous flap in the back of your throat.
406	Prince George’s County Correctional Center Visiting Hours and Visitation Schedule. The information below provides complete instructions regarding Prince George’s County Correctional Center Visiting Hours and Visitation Schedule, Visiting Rules, Inmate Video Visits and Jail Visitation process in Upper Marlboro, Maryland.
407	You should take statins if your LDL cholesterol is 190 mg/dL or higher. You should also take statins if your LDL cholesterol is between 70 and 189 mg/dL and: 1  You have diabetes and are between ages 40 and 75. 2  You have diabetes and a high risk of heart disease.
408	Homefacts City Report. Stevensville is located in Ravalli County, MT. The population is 2,280, making Stevensville the 2nd largest city in Ravalli County. There are 5 public schools in Stevensville with an average Homefacts rating of B. The total crime rate for Stevensville is very low, and there are 22 registered sex offenders residing in the city.
409	Investigate your GPS options and if you can get the display into decimal degrees like 117.4974 degrees, then you do not need to use this calculator. Test by clicking to calculate the result with the default numbers. The answer should be 117.4974 decimal degrees. i.e. just under 117 and a half degrees.
410	This article deals with rugby sevens at the 2016 Summer Olympics. For the 15-a-side version of the game at the Olympics until discontinued in 1924, see Rugby union at the Summer Olympics. Rugby sevens at the 2016 Summer Olympics is scheduled to be held in August in Rio de Janeiro. The competition will take two days. The 2016 Summer Olympics marks the debut for rugby sevens at the Summer Olympics, though rugby union was last played at the 1924 Summer Olympics.
411	i am sidhu usually punjabi speaker.i have some problems with comprehension English help me in easy way how to understand reading and how to manage time i am taking test of ielts time management and understanding is my biggest problem.and you can contact me through my email hny302@gmail.com i have alot of questions.
412	Sailors and civilians at Chief of Naval Personnel sign a proclamation vowing to help address and prevent sexual assault during a sexual assault awareness a... Sign up today for America's Armed Forces Kids Run -- May 20 at military bases worldwide. Visit http://americaskidsrun.org/ to see if your installation MWR...
413	According to the Bureau of Labor Statistics, median salaries for registered nurses nationwide exceed $62,000 annually. Among the highest paid registered nurses are orthopedic nurse practitioners. These specialists average more than $81,000 annually, and it’s not uncommon for them to earn up to $94,000 per year.
414	Kristy. 1  Share Kristy on Facebook Share on Facebook. 2  Share Kristy on Twitter Share on Twitter. 3  Share Kristy on Google Plus Share on Google+.  Love the name Kristy 1  Love. Dislike the name Kristy Dislike.  Follow Kristy Follow Follow Kristy.
415	As for the paddles, their response is a bit slow and inconsistent, and the gearbox will automatically upshift at redline, which always seems to arrive more quickly than anticipated. Elsewhere behind the wheel, the Stinger GT presents an excellent driver’s seat with adjustable side bolsters.
416	Start from Swap start/end points. 1  Edit W 41st & Kiwanis. 2  Get Directions. 3  Phone number (605) 334-8292.  Business website wirelessworld. 1 com. Message the business.  Send to your Phone New.
417	Though there are dozens, if not hundreds, of lake monsters around the world, one superstar marine denizen outshines them all: Nessie, the beast said to inhabit Scotland's Loch Ness. Some say it's a myth; others say it's a living dinosaur or even a sea serpent that swam into the lake before it became landlocked.
418	DURABAK regular for indoor use ( Quarts and Gallons ) DURABAK 18 for outdoor use UV protection ( Quarts and Gallons ) DURABAK and DURABAK 18 in Smooth - add the letter S to any color. All colors available for smooth. Color Chart and Order Number. These colors are general and approximate to the actual color, for any real sample feel free to contact us.
419	Hard credit pulls. Helpful to 145 out of 162 people. Hard pulls stay on your credit report for 2 years, but they do not affect your score after 12 months. As a practical matter, they really don't have all that much of an impact on your credit IF the rest of your profile is good.I have had 12 (you read right!) hard inquiries in the past 13 months.ard credit pulls. Helpful to 145 out of 162 people. Hard pulls stay on your credit report for 2 years, but they do not affect your score after 12 months. As a practical matter, they really don't have all that much of an impact on your credit IF the rest of your profile is good.
420	Beyblade is a brand name for a line of spinning top toys originally developed and manufactured by Takara Tomy, first released in 2000.The toys usually include a 'launcher' – a device for bringing the spinning top up to speed, with either a separate or integral rip-cord. Blade Base (BB) : The Blade Base determines how the Beyblade spins, and also affects its movement pattern. 2  The Blade Base determines the direction of the Beyblade's rotation; either clockwise (right) or counterclockwise (left) dependent on what Spin Gear is used.
421	Vatican City is distinct from the Holy See (Latin: Sancta Sedes), which dates back to early Christianity and is the main episcopal see of 1.2 billion Latin and Eastern Catholic adherents around the globe.
422	Causes of its Failure: The League of Nations was the first major attempt as an international organization of state to maintain peace and promote international co-operation. But it failed. 1. The political background of Europe at the time of the birth of the League was not very conducive to a peace organization.
423	The argument is nothing new. The LPN is quick to tell you she does so much more than make beds, give back rubs, and take vital signs. And the RN counters that she has more education and medical training and is called upon for more advanced procedures.
424	A few questions about a staple down/Gypcrete installation. The way Ive done this in the past is have the homeowner double the sill plates so there is a nailer for the sheet rock. The gypcrete company doing the pour wants the sheetrock installed before the pour without doubling the plates.I have also put the heat on only one day after the pour but Im told by this company it should cure a minimum of 14 days before applying heat. Ive read in the past where the heat was on during the pour. have also put the heat on only one day after the pour but Im told by this company it should cure a minimum of 14 days before applying heat. Ive read in the past where the heat was on during the pour.
425	Alzheimer's disease and other forms of dementia are cruel diseases that progress over time and eventually lead to death. Alzheimer's disease is the sixth leading cause of death in the United States. Dementia is a progressive disease that affects the brain. Early stages of dementia might show up as memory problems, confusion, and sundowning (confusion starting late in the day, lasting into the night).
426	Clan/Family Histories. - Muir/Moore. Since the Scots word muir means a moor or a heath and there are a multiplicity of place names incorporating the word, it is not surprising that the surname is found all over Scotland. It is particularly prolific in west-central Scotland and in Orkney the name is one of the top ten most commonly found names.
427	Freudian slip (a slip-up that (according to Sigmund Freud) results from the operation of unconscious wishes or conflicts and can reveal unconscious processes in normal healthy individuals).
428	If the salmon is farmed, it is not an issue. If it is wild salmon, the fish live much longer and get much larger (and by consequence have far more stored mercury within their fat/flesh). Farmed salmon are raised and killed long before they amass a worrisome amount of mercury. Also, it depends on your gender.
429	There are several different copper fungicides approved for use in organically-produced crops. Copper fungicides are important tools for managing diseases that cannot be effectively managed with cultural practices alone. They have broad-spectrum activity, acting on bacteria as well as fungi.
430	Find Westlake Ohio assessor, assessment, auditor's, and appraiser's office, revenue commissions, GIS, and tax equalization departments. Assessors provide information on property and land tax assessment, property listings, values, valuations, property search, and records. Name.
431	aggrieved person or to order the performance of an act or a series of acts designed to eliminate the effect of any unlawful practice found. (5) The commissioner may order the respondent to eliminate the effects of any unlawful
432	Home » Directory » North Carolina » Caswell County » Leasburg » Leasburg Volunteer Fire Department is located in Leasburg, NC. View a fire dept photo, logo, contact info, map, volunteer info, mission statement, fire equipment, firefighters and statistics. Home
433	Your neck is flexible and supports the weight of your head, so it can be vulnerable to injuries and conditions that cause pain and restrict motion. Neck pain causes include: Muscle strains. Overuse, such as too many hours hunched over your computer or smartphone, often triggers muscle strains.
434	Inductance, in particular, plays an important part in obtaining proper puddle fluidity. The shielding gas recommended for short-circuiting welding of stainless-steel contains 90% helium, 7.5% argon, and 2.5% carbon dioxide.The gas gives the most desirable bead contour while keeping the CO2 level low enough so that it does not influence the corrosion resistance of the metal. current of approximately 300-350 amperes is required for a 1/16-in. electrode, depending on the shielding gas and type of stainless wire being used. The degree of spatter is dependent upon the composition and flow rate of the shielding gas, wire-feed speed, and the characteristics of the welding power supply.
435	A 150-g serving of boiled red potatoes has a glycemic index value of 89, 21 g of carbohydrate per serving and a glycemic load of 19. Because rice and potatoes are high in carbohydrates that have a significant effect on blood sugar, they have a high glycemic load, as well as a high glycemic index.
436	Pond's print advertisement for vanishing cream, 1910. Pond's is a brand of beauty and health care products, currently owned by parent company the multinational corporation Unilever.ith this merger, Pond's Creams became sisters with the Cutex nail polish brand and the Matchabelli perfumes. With the Chesebrough Manufacturing Company in command, Pond's Creams became available at many supermarkets across the United States.
437	In Part 2 of MyBrainNotes.com, as part of a discussion of the VIGILANCE system, we discuss Stress, attention, learning, and memory, including the effects of stress on neurocircuitry in what is called the prefrontal cortex, a larger area also illustrated in the image to the right (links to source).
438	Pack Rat Infestation. Their dens are commonly located on the ground and measure 3 to 5 feet in height and diameter. One animal may inhabit several nests, and in good feeding areas a den may be occupied for several years or a lifetime. Pack rats live alone except when mating or rearing young. Circling of small trees and shrubs occurs but is not common.
439	1 Combination tests have been developed that detect HIV antibody and the HIV antigen called the p24 antigen. 2  Levels of p24 antigen are typically high early in the course of infection. 3  A combination test may be performed to increase the likelihood that HIV infection is detected sooner after exposure occurs. Verify a positive with a second HIV antibody test that differentiates between HIV-1 and HIV-2. 2  If results between the first and second test do not agree, then the next test to perform is a HIV-1 RNA test (nucleic acid amplification test, NAAT).
440	It is also referred to as glycated hemoglobin, glycosylated hemoglobin, hemoglobin A1C and HbA1c. Your doctor can measure you A1C number with a blood test to determine your average blood sugar levels over the past two or three months. A normal A1C level falls between 4 and 6 percent.
441	What is it? The AOS is a comprehensive, multi-component approach for community support and services to meet the diverse needs of Soldiers, Families, and employers throughout the deployment cycle. What has the Army done? The AOS is the single portal access for information, programs and services, and connectivity. Services are provided at installations, Army National Guard Family Assistance Centers for the geographically dispersed, and are available on the internet at www.armyonesource.com.
442	A clean installation destroys the old copy of Windows and any data on the drive, so be sure to back up anything you may need before you do it. Step 1. Insert your Windows 7 installation disc or USB flash drive, and then reboot the computer. Step 2.Launch your computer’s boot device menu.The key combination varies among different computer manufacturers, but it displays briefly on the screen, so watch carefully for it. F12 is a common one.lick on Disk 0, and click “Next.” Windows repartitions the drive, formats it, and installs a fresh copy of Windows. The process could take up to an hour to complete, after which the system automatically reboots. Step 12. Select an account user name and computer name.
443	Definition of TROCHANTER. 1. : a rough prominence at the upper part of the femur of many vertebrates serving usually for the attachment of muscles.2. : the second segment of an insect's leg adjacent to the coxa. — tro·chan·ter·al \-tə-rəl\ adjective. — tro·chan·ter·ic \ˌtrō-kən-ˈter-ik, -ˌkan-\ adjective.. : a rough prominence at the upper part of the femur of many vertebrates serving usually for the attachment of muscles.
444	In most cases, the pouches are located in the lower intestine, or the colon. Diverticulitis ». Diverticula often exist within the body without causing any additional problems, and become more common as you age. In fact, the pouches or bulges are rather common after age 40.
445	The name Porsche is ranked on the 8,246th position of the most used names. It means that this name is commonly used. We estimate that there are at least 32400 persons in the world having this name which is around 0.001% of the population. The name Porsche has seven characters.
446	Vintages Wine Panel: One of the perfect late spring/early summer wines is Piedmont’s gently sparkling, slightly sweet, low-alcohol Moscato d’Asti. Perfect for those casual afternoon get-togethers on the backyard patio, especially when served with simple seafood nibbles or just-in-season strawberries.
447	Minerals can be found throughout the world in the earth's crust but usually in such small amounts that they not worth extracting. Only with the help of certain geological processes are minerals concentrated into economically viable deposits. Mineral deposits can only be extracted where they are found. Mineral deposits come in many shapes and sizes depending on where and how the mineral was concentrated. Minerals are concentrated by igneous, sedimentary and metamorphic processes:
448	Webster Dictionary (0.00 / 0 votes) Rate this definition: Amphi- a prefix in words of Greek origin, signifying both, of both kinds, on both sides, about, around
449	Answers. 1  the deoxygenated blood returns via the veins to the Right Atrium, then through the tricuspid valve to the Right Ventricle. The Right Ventricle then pumps the blood thru the pulmonary valve, pulmonary arteries and into the lungs, where oxygen is taken up by the red blood cells. The oxygenated blood then returns to the heart via the pulmonary veins and into the left Atrium, thru the mitral valve and into the Left Ventricle. The Left Ventricle pumps the oxygenated blood thru the aortic valve into the aorta and away it goes to the rest of the body .
450	Is this course authorized to get my Learner's Permit? YES. The course and exam are authorized by the Florida Department of Highway Safety and Motor Vehicles (DHSMV) to meet the requirements needed for your first Florida Learner's Permit.
451	There is more meat on this hog if you work at it, but you can get it this far without ever smelling the gut or having to deal with flowing entrails. There are those who eat the heart, liver, and there is a little bit of meat on the ribs and in the hock joints. Knock yourself out. The gators got the rest of this girl.
452	Check the Italy weather in June before you book your next holiday. This gives the best indication of the weather in June and includes figures for temperature, sunshine and rainfall.The Italy june weather guide shown below is for Rome.1  27°C max day temperature.his gives the best indication of the weather in June and includes figures for temperature, sunshine and rainfall. The Italy june weather guide shown below is for Rome. 1  27°C max day temperature.
453	They are: Placement of the ™ or ® symbol right adjacent to the trademark, every time it is used. Placement of ™ or ® or * (asterisk) or † or (dagger) or ‡ (double dagger) symbol right near the first use of the trademark. Then provide a footnote that describes the trademark.
454	What Is ABET Accreditation? ABET accreditation is assurance that a college or university program meets the quality standards established by the profession for which it prepares its students. For example, an accredited engineering program must meet the quality standards set by the engineering profession.
455	Voter turnout in presidential elections is historically much higher than in midterms– 58.2% of eligible voters voted in 2012, and 61.6% voted in 2008, the highest turnout since 1968. In other words, turnout for Obama’s first presidential election was almost double the 2014 midterm turnout.
456	5 is 5% of 100. 12 is 12% of 100. 250 is 250% of 100. For, a percent is a number of hundredths. 5 is 5 hundredths -- 5% -- of 100. That is the ratio of 5 to 100.
457	Actually, I don't think Ancient Rome had much in the way of taxes for citizens for a long time. They had a very small property tax on land, wealth slaves, etc. and the provinces were taxed by community I think through some type of tithe system.
458	Newton explains why he played four games with torn rotator cuff FOXSports. Official: 'John 3:16' found written on Hernandez’s forehead The Boston Globe. Report: Raiders 'willing to walk away' from potential Lynch deal Sportsnaut. NFL's drug testing season conveniently begins on 4/20 SB Nation. Cousins' latest comments on contract situation will drive Redskins fans crazy For The Win. Koetter admits he'd rather not be on 'Hard Knocks' Larry Brown Sports.
459	IncrediMail Support Phone Number IncrediMail Phone Support Number @ +1-800-961-1963 : Download Incredimail, Install & Setup Incredimail, Transfer Incredimail to new Computer, Transfer Incredimail Contacts, Incredimail Import and Export Emails, Troubleshoot Incredimail Errors, Fix Incredimail Problems, Incredimail Email Help and Support.
460	However, diagnosing trigeminal neuralgia can be difficult and it can take a few years for a diagnosis to be confirmed. Read more about diagnosing trigeminal neuralgia. What causes trigeminal neuralgia? Trigeminal neuralgia is usually caused by compression of the trigeminal nerve. This is the nerve inside the skull that transmits sensations of pain and touch from your face, teeth and mouth to your brain. The compression of the trigeminal nerve is usually caused by a nearby blood vessel pressing on part of the nerve inside the skull. In rare cases trigeminal neuralgia can be caused by damage to the trigeminal nerve as a result of an underlying condition, such as multiple sclerosis (MS) or a tumour.
461	The major source of amylase in all species is pancreatic secretions, although amylase is also present in saliva of some animals, including humans. Pancreatic juice is composed of two secretory products critical to proper digestion: digestive enzymes and bicarbonate.The enzymes are synthesized and secreted from the exocrine acinar cells, whereas bicarbonate is secreted from the epithelial cells lining small pancreatic ducts.hree major groups of enzymes are critical to efficient digestion: 1. Proteases. Digestion of proteins is initiated by pepsin in the stomach, but the bulk of protein digestion is due to the pancreatic proteases.
462	Search comprehensively and find the name meaning of Liana and its name origin or of any other name in our database. Also note the spelling and the pronunciation of the name Liana and check the initials of the name with your last name to discover how it looks and sounds.
463	Luckily for Uber, Lyft, and other rideshare drivers, there are new insurance products being created that can cover both personal auto use and the insurance gap. February 2016 Update: State Farm is now offering a ridesharing endorsement in Colorado.
464	Change your font from Calibri (MS Word default font) to Verdana, for example, and your paper will appear to be up to 20-25% longer. That means a paper that fills 10 pages will fill 11 pages. Adding more space between characters and lines.
465	The best way to treat maggot wound is to apply ivermectin injection and betadine powder on the wound, give 1 ml injection to the dog. You will see the maggot will come out or die within hours and wound will heal in 3 to 4 days.
466	Travel nursing is a nursing assignment concept that developed in response to the nursing shortage.This industry supplies nurses who travel to work in temporary nursing positions, mostly in hospitals.he usual requirements for becoming a travel nurse are a minimum of 1.5 years of clinical experience with 1 year being preferred in one's specialty and licensure in the state of employment, often granted through reciprocity with the home state's board of nursing.
467	How to use citation info. (on Archives.gov). Approved July 2, 1890, The Sherman Anti-Trust Act was the first Federal act that outlawed monopolistic business practices. The Sherman Antitrust Act of 1890 was the first measure passed by the U.S. Congress to prohibit trusts.It was named for Senator John Sherman of Ohio, who was a chairman of the Senate finance committee and the Secretary of the Treasury under President Hayes.ow to use citation info. (on Archives.gov). Approved July 2, 1890, The Sherman Anti-Trust Act was the first Federal act that outlawed monopolistic business practices. The Sherman Antitrust Act of 1890 was the first measure passed by the U.S. Congress to prohibit trusts.
468	Employees are issued different types of equity, or stock, depending on when they join a company and the roll they play. One type of employee equity is restricted stock, which is issued commonly to employees who were present during startup or who are senior executives.
469	Yellow Diamond Color and its effect on pricing. The price of commodities is dictated by supply and demand - basic rules of economy. BUT… in yellow diamonds (and actually most colored diamonds) the problem is that the most desired diamonds (i.e. demand) are also the rarest diamonds (i.e. supply). The result is that the price increase between the color scale levels are EXTREMELY high (percentage wise).
470	1 You can only upload files of type 3GP, 3GPP, MP4, MOV, AVI, MPG, MPEG or RM. 2  You can only upload photos smaller than 5 MB. 3  You can only upload videos smaller than 600 MB. 4  You can only upload a photo (png, jpg, jpeg) or video (3gp, 3gpp, mp4, mov, avi, mpg, mpeg, rm).
471	Abstract. 1  Gibbons are small arboreal apes inhabiting the rainforests of South-East Asia, Northwest India and Bangladesh (Carpenter 1940; Chivers 1977). The taxonomy of gibbons is under dispute, as the status of several taxa as species or subspecies is uncertain. Within the family Hylobatideae, there are four genera of gibbons: Bunopithecus (hoolock gibbon), Hylobates, Nomascus (crested gibbons) and Symphalangus (siamangs), and at least 12 species (Brandon-Jones et al. 2004).
472	A Solid PLM Foundation - BOMControl. 1  Arena PLM BOMControl, Arena's flagship product, is a cloud-based solution for bill of materials (BOM) and change management. BOMControl offers innovative manufacturing companies a superior advantage to getting their products to market on time and within budget.
473	Nervous tissue is the main component of the two parts of the nervous system; the brain and spinal cord of the central nervous system (CNS), and the branching peripheral nerves of the peripheral nervous system (PNS), which regulates and controls bodily functions and activity.n the central nervous system (CNS), the tissue types found are grey matter and white matter. In the peripheral nervous system (PNS), the tissue types are nerves and ganglia. The tissue is categorized by its neuronal and neuroglial components.
474	Step 4: Let the dye sit. Once your shirts are all dyed, put them in plastic bags to let the dyes set. You want them to remain damp, so sealing them in ziplock bags works well. The kit I had said to leave them 6-8 hours, but I left them overnight and found that that made the colors much brighter.
475	Hockey Stick Builds is the launch point for you to design and create your own hockey stick furniture or other creations! You’ve got a pile of sticks and you don’t know what to build or where to start. I’ll show you what I’ve built and how I’ve built it which will enable you to start on something of your own.ockey Stick Builds is the launch point for you to design and create your own hockey stick furniture or other creations! You’ve got a pile of sticks and you don’t know what to build or where to start. I’ll show you what I’ve built and how I’ve built it which will enable you to start on something of your own.
476	Physical geography is the study of the physical features of Earth's surface. For example, we can study how volcanoes, V-shaped valleys or waterfalls are formed.eography is the study of the Earth, its landforms and features,  and the distribution of life including human life. It also includes  how locations and climate influence hu … man populations and  activities.
477	Choose from 8 Vasectomy Clinics in Mexico and compare prices, patient reviews, and availability. Find the Best Price for Vasectomy in Mexico.Compare how much Vasectomy cost at all 8 clinics and save money on your treatment.hoose from 8 Vasectomy Clinics in Mexico and compare prices, patient reviews, and availability. Find the Best Price for Vasectomy in Mexico.
478	US Department of Labor. U.S. Bureau of Labor Statistics. The Injuries, Illnesses, and Fatalities (IIF) program provides annual information on the rate and number of work-related injuries, illnesses, and fatal injuries, and how these statistics vary by incident, industry, geography, occupation, and other characteristics.
479	When we wrote last week that the Toyota Mirai hydrogen fuel-cell sedan was little-changed for the 2017 model year, with only one new color added, we missed one important element. That was, as several readers informed us, that while the retail price remained the same, the monthly lease cost had fallen sharply: from $499 to $349 per month.
480	Popular Conversations. To a large extent, the activity of kidneys is controlled by ... 10/14/2015 8:35:06 PM| 2 Answers. How long did it take for the United States to dig the Panama ... 10/13/2015 6:15:06 AM| 1 Answers. France's loss in the 1870-1871 war with _________ was a blow to ... Weegy: Great Britain was NOT a part of the Triple Alliance.
481	Inari/Oinari/Oinari-Sama is the god/goddess of rice. The common messenger of but issing butssi is the kitsune (fox). Inari is considered to be a key Shinto kami (god). Inari has close ties to the shinto goddess of food.
482	the outermost covering of the brain consisting of densely packaged neurons, responsible for higher thought processes and interpretation of sensory input. cerebral hemispheres: two sections of the cortex on the left and right sides of the brain: corpus callosum: thick band of neurons that connects the right and left cerebral hemispheres: occipital lobe
483	get healthy living updates. Either run for your life or face the top 10 most feared predators of the animal kingdom. 10. Tarantula. Tarantula spiders are among the most feared animals on the planet, and with good reason.
484	Gasoline Price The average price of a gallon of gas is $. Affordability With an average daily income of $80, it takes 2.06% of a day’s wages to afford a gallon of gas. Income Spent The average driver uses gallons a year, which eats up 1.77% of the typical salary. Gas Price.
485	Normal value ranges for vitamin B12 vary slightly among different laboratories and can range anywhere between 200 to 900 pg/mL. The general consensus is values less than 200 pg/mL constitute a B12 deficiency.
486	The parietal peritoneum lines the abdominal wall and extends to the organs, whereas the visceral peritoneum covers the organs. The peritoneal cavity lies between these two peritoneal layers. It contains a thin layer of fluid that lubricates the peritoneal surfaces.
487	1 Treatment of broken fingers depends on the type of fracture and the particular bone in the finger that is injured. Surgery may be required for fractures causing significant deformity or involving a joint.  Complications of a broken finger can include join stiffness, rotation, nonunion, and infection.
488	When a fence is more than 650 feet between corner posts, put braced-line post assemblies every 650 feet in the fence line. A braced line assembly is the same as a single-span braced corner except that a second diagonal brace wire is used to take fence pull in the opposite direction.
489	If you choose to organize your bills manually, create a designated space within your home to collect bills as they come through the mail each month. You can use an in box system or a mail organizer with dividers to file mail as it arrives. Schedule time each month or every two weeks to sit down and pay bills.
490	Come live in me all my life, take over. Come breathe in me, I will rise on eagle's wings. Here I am waiting, abide in me, I pray. Here I am longing for You. Hide me in Your love, bring me to my knees. May I know Jesus more and more. Come live in me all my life, take over. Come breathe in me, I will rise on eagle's wings.
491	They not only form our political and geographical boundaries but define our stories and our lives. Bhutan Celebrates Third Annual Literary Festival, Mountain Echoes Karma Singye Dorji May 28, 2012. There are trade-offs in all things, and no perfect solution, geographical or otherwise.
492	Routing number for The Family Credit Union. Routing number for The Family Credit Union is a 9 digit code required for initiating various financial tran First Servicetions such as direct deposits, electronic payments, wire transfers, check ordering and many more.
493	BREAKING DOWN 'Inflation' As a result of inflation, the purchasing power of a unit of currency falls. For example, if the inflation rate is 2%, then a pack of gum that costs $1 in a given year will cost $1.02 the next year. As goods and services require more money to purchase, the implicit value of that money falls. The Federal Reserve uses core inflation data, which excludes volatile industries such as food and energy prices.
494	Leg pain is a prime example of this. Most people struggle to understand how and why leg pain can be caused by anxiety, but the reality is that the connection is very real, and while it doesn't affect everyone, there are many people living with leg pain right now that is caused by anxiety.
495	Chest pain that accompanies frequent heartburn can be treated with proton pump inhibitors (PPIs). A PPI is a type of medication that reduces acid production in your stomach. Your doctor also may recommend cutting out certain types of food that can trigger symptoms, such as fried foods, spicy foods, and citrus fruits.
496	Home Remedies for Mouth Ulcers. Mouth ulcers are quite common and irritating. These painful, open sores are white in color, surrounded by an inflamed red border. More often than not, they appear on the inside of the cheeks, lips, under the tongue, and on the floor of the mouth.
497	Fever, also known as pyrexia and febrile response, is defined as having a temperature above the normal range due to an increase in the body's temperature set-point.There is not a single agreed upon upper limit for normal temperature with sources using values between 37.5 and 38.3 °C (99.5 and 100.9 °F).ever is one of the most common medical signs. It is part of about 30% of healthcare visits by children and occurs in up to 75% of adults who are seriously sick. While fever is a useful defense mechanism, treating fever does not appear to worsen outcomes.
498	Frequently Asked Questions on Gift Taxes. Below are some of the more common questions and answers about Gift Tax issues. You may also find additional information in Publication 559 or some of the other forms and publications offered on our Forms Page. Included in this area are the instructions to Forms 706 and 709.
499	Eating the right foods not only makes it easier for your body to digest meals and absorb nutrients, but it can also help you achieve a healthy body weight, another essential for good digestive tract health.
500	Harvard Contents. Books. Read how to cite and reference books in the Harvard style. Journals/Periodicals/Newspapers. Read how to cite and reference periodicals/serials in the Harvard style. Websites. Read how to cite and reference websites in the Harvard style.nlike many referencing styles, there is no source document for a Harvard Guide. This guide is based on Commonwealth of Australia 2002, Style Manual for authors, editors and printers, 6th edn, rev. by Snooks & Co, John Wiley & Sons, Australia, Milton; and a wide range of online Harvard Guides were also consulted.
501	I'm sure everyone experiences things differently to an extent, but having dealt with a considerable amount of stress and depression in my time, it absolutely does (in my experience) feel like a physical sensation. Chest tightens up, slight nausea, difficulty breathing.
502	Running Doc: To avoid blisters get the proper shoes...socks...insoles...ointment...orthotics. The Running Doc’s advice on how to avoid blisters includes selecting the proper running shoe. Make sure it fits! Every time I run long distances, I get blisters all over my feet and in between my toes. I have tried socks with different thicknesses and Vaseline, and just about everything. Doc, I need your help to stop these blisters! I am running the ING NYC Marathon and don't want to be a mess after the race!
503	In doing so, the belief that a physical, Newtonian material universe that was at the very heart of scientific knowing was dropped, and the realization that matter is nothing but an illusion replaced it. Scientists began to recognize that everything in the Universe is made out of energy.
504	Infra-red waves have a wavelength which is shorter than microwaves, but still longer than visible light. Infra-red waves are basically heat energy emitted by hot objects which … travel in the form of electromagnetic waves.
505	while we re working on approving your loan application there are a few important steps to take to make sure your home is in good condition and sufficiently insured here s what to expect from the last few steps before closing on your home
506	A recession is a period of at least two quarters of GDP contraction which usually involves job losses, reduced corporate profits and lower government revenue.
507	The term refers to the general aspects of biological form and arrangement of the parts of a plant or an animal. The term anatomy also refers to the study of biological structure but usually suggests study of the details of either gross or microscopic structure.
508	Dacia Clark was driving between Byron and Rochester a few weeks ago when she hit a patch of ice and rolled her car three times. The Kasson-Mantorville High School sophomore and her passenger were unharmed. Each had worn a seatbelt. But that frightening moment hit home April 6 during a mock car...
509	** Clinical Performance Manager™ (CPM) is the Allscripts solution for Meaningful Use Clinical Quality Measure and Functional Measure reporting. CPM is purchased separately from Sunrise Ambulatory™.
510	Here is a graphic of the muscles used in push ups. Compare it with the following about bench press. Both will give you a bigger chest and some more arm and shoulder size. Push ups work the stomach more. I've been working out in the gym for more than 40 years. My advice to anyone who will listen is to do a lot of push ups. Yes, I know the bench will get you stronger than push ups, but it is push ups that will allow you to bench when you get my age.
511	Another way to find information is to use a reverse phone lookup website. These type of sites offer a tool called a reverse phone lookup which will find information on a phone number. Some of the information returned is name, address, possible relatives, etc.Most of these sites have information on cell phone numbers, unlisted numbers, and business phone numbers.The only problem with using these sites is that most of them charge a fee to run a reverse phone lookup on a cell phone number.here are a ways to find this information but it takes patience (and $ most of the time). If you are looking for a free reverse cell phone number lookup then we would recommend first trying our reverse cell phone lookup.
512	In the United States, a chemical peel costs from $600 to $900 on average. However, the cost of your chemical peel will vary widely depending on the type of peel you choose, the cost of living in your region, and other factors, and may be as low as $150 for a light peel and as high as $6000 for a deep peel.atients should consider that a deep chemical peel requires a longer recovery period that will prevent them from returning to work for at least two weeks. Deep chemical peels cost between $2500 to $6000, which includes consultation, anesthesia, and follow-up care.
513	Dietary fat and cholesterol. 1  HDL cholesterol is the good kind of cholesterol found in your blood. 2  LDL cholesterol is the bad” kind. 3  The key is to keep LDL levels low and HDL high, which may protect against heart disease and stroke.
514	Suicide (French: Le Suicide) is an 1897 book written by French sociologist Émile émile. Durkheim it is ostensibly a case study of, suicide a publication unique for its time that provided an example of what the sociological monograph should look. likeuicide (French: Le Suicide) is an 1897 book written by French sociologist Émile émile. durkheim
515	The vowels are A, E, I, O, and U. Numerology considers all other letters to be consonants, except the letter Y. When determining if the Y is a vowel or a consonant in a numerology chart, the basic rule is this: When the letter serves as a vowel, and in fact sounds like one, it is a vowel. The same is true when the Y serves as the only vowel in the syllable.
516	Adjustment, in psychology, the behavioral process by which humans and other animals maintain an equilibrium among their various needs or between their needs and the obstacles of their environments. A sequence of adjustment begins when a need is felt and ends when it is satisfied. Hungry people, for example, are stimulated by their physiological state to seek food. When they eat, they reduce the stimulating condition that impelled them to activity, and they are thereby adjusted to this particular need.
517	Degrees Offered in This Program. Associate of Arts. The Fashion Design Associate of Arts (A.A.) Program is a 90-unit degree program. Associate of Arts, Professional Designation. The Fashion Design Associate of Arts (A.A.) Professional Designation Program is a 57-unit degree program open only to those who already hold a college degree. What Comes Next.
518	The sedimentation rate (sed rate) blood test measures how quickly red blood cells (erythrocytes) settle in a test tube in one hour. The more red cells that fall to the bottom of the test tube in one hour, the higher the sed rate.
519	Osteon: tube shaped structure in bones with an open space for blood vessels, veins, and nerves in the center. Platelet: a small cell fragment without a nucleus that helps stop blood the flow of blood when the body is injured.
520	The Story of the Fourth of July. We celebrate American Independence Day on the Fourth of July every year. We think of July 4, 1776, as a day that represents the Declaration of Independence and the birth of the United States of America as an independent nation.
521	Ronda Rousey and Holly Holm were originally slated to square off at UFC 195 in Las Vegas on Jan. 2, but their fight has been bumped up and shifted across the globe.
522	Metal Mulisha hats come in two main styles: brimmed hats and beanies. Both brimmed hats and beanies are available in the Metal Mulisha Maidens AXS accessory collection for women and the Men's collection. Men's and women's Metal Mulisha hats share some general design traits, but have a very different approach to style.
523	Dear Friend, Because steroids (in this case, prednisolone) can cause gastritis, and several other stomach-related adverse effects, doctors often prescribe anti-acid medication such as Omeprazole alongwith.Omeprazole, normally, does not cause the symptoms you report.It may even be prescribed to some patients that have these symptoms! In your case: 1. You may not, individually, be 'tolerating' either the Omeprazole, the steroid, or any other medication you might have been prescribed alongwith. 2.ear Friend, Because steroids (in this case, prednisolone) can cause gastritis, and several other stomach-related adverse effects, doctors often prescribe anti-acid medication such as Omeprazole alongwith.
524	We apologize, the Color Compass® Quiz is currently under construction for this mobile device. In the meantime, visit our site on your desktop or laptop to use Color Compass® Quiz. If you’d like us to notify you when Color Compass® Quiz is available please enter your email address.*.
525	He was the third of four children of Joseph Ruggles Wilson (1822–1903) and Jessie Janet Woodrow (1826–1888). Wilson's paternal grandparents immigrated to the United States from Strabane, County Tyrone, Ireland (now Northern Ireland), in 1807.
526	Creating a contra account for payables and receivables in a bartering situation is advantageous to both parties who have something to offer, but no real cash. These transactions, however, must appear on the books because I now own a piece of equipment that is an asset and will depreciate.
527	In a civil case, the person serving the subpoena should give you cash or a check for these costs when you are served with the subpoena. In a criminal case, you will be paid after you travel to the designated place and testify as a witness.
528	Class B airport has a modern runway ready to receive aircraft with landing weight up to 220 tonnes (220 long tons; 240 short tons) and to hold eight  IL-76  aircraft equipped with lighting, radio and navigation equipment.n 1993, the new passenger terminal was built. In that year the airport received its certiciate for the third category of International organization of passenger aviation (IKAO) as an airport for internal flights in the USSR with the right to accept Ty-134 airplanes and airplanes of similar classes.
529	National monuments can be so designated through the power of the Antiquities Act of 1906. President Theodore Roosevelt used the act to declare Devils Tower in Wyoming as the first national monument.ational monuments can be managed by one of several federal agencies: the National Park Service, United States Forest Service, United States Fish and Wildlife Service, or the Bureau of Land Management.
530	Mermaid’s Purse. These hard dried out egg cases can often be found washed up on the beach. They have the magical name of ‘mermaid’s purse’. In reality, they are the empty egg cases of a dogfish, skate or ray, each species looking slightly different. In these fish, the egg is fertilised by the male inside the female’s body and she then lays them in pairs in these egg cases.
531	Charlevoix Court. Find Charlevoix Michigan courts and courthouses, such as federal, state, district, superior, criminal, common, circuit, judicial, judiciary, divorce, appeals, family, traffic, and small claims courts. Courts provide information on legal cases, law documents, case searches, and appeals. Charlevoix Court.
532	The issue is much. different for municipal policing.8. § Close analysis of these [racial profiling] studies. show that the presence of harassment is either not. supported scientifically or is only one of several. conclusions. One major flaw in many of these. studies is the use of racial population distributions.
533	Symptoms. Signs and symptoms of shigella infection usually begin a day or two after contact with shigella, but may take up to a week to develop. Signs and symptoms may include: 1  Diarrhea (often containing blood or mucus). 2  Abdominal pain or cramps. 3  Fever.
534	What are keloid scars? Keloid scars are firm, smooth, hard growths due to spontaneous scar formation. They can arise soon after an injury, or develop months later. Keloids may be uncomfortable or itchy, and may be much larger than the original wound.
535	Answered by The Community. Making the world better, one answer at a time. the duties of assistant purchasing officer is to find the resource required by an organization within a budget and dead line,and then to do all extra work that can be told by his/her purchasing officer.he duties and responsibilities of an Assistant Enforcement Office  are mainly to inspect and monitor employees working in various  departments. They also have a responsibil … ity of reporting to the  various departmental heads.
536	Sciatica is pain, tingling, or numbness produced by an irritation of the nerve roots that lead to the sciatic nerve. The sciatic nerve is formed by the nerve roots coming out of the spinal cord into the lower back. It goes down through the buttock, then its branches extend down the back of the leg to the ankle and foot.
537	Fujita scale. The Fujita scale (F-Scale), or Fujita–Pearson scale (FPP scale), is a scale for rating tornado intensity, based primarily on the damage tornadoes inflict on human-built structures and vegetation.
538	Unlike many other ethnic groups in the United States, Creoles did not migrate from a native country. The term Creole was first used in the sixteenth century to identify descendants of French, Spanish, or Portuguese settlers living in the West Indies and Latin America.
539	Vitamin B-12 and other B vitamins play a role in producing brain chemicals that affect mood and other brain functions. Low levels of B-12 and other B vitamins such as vitamin B-6 and folate may be linked to depression. Low levels of a vitamin can result from eating a poor diet or not being able to absorb the vitamins you consume. Older adults, vegetarians and people with digestive disorders such as celiac disease or Crohn's disease may have trouble getting enough B-12.
540	Proper use: Hydrosone is for external use only. It should not be used in or around the eyes, applied to large areas of the body, or used to treat vulvar itching associated with vaginal discharge. Do not use for more than 7 days.
541	Disability Access: How to File an ADA Title III Complaint. Title III of the Americans with Disabilities Act (ADA) prohibits discrimination based on disability in public accommodations.
542	Spider plants, also commonly known as ribbon plants, spider ivy, St. Bernard's lily or airplane plants, are perennial members of the lily family. Easy to grow as house plants, spider plants propagate themselves by shooting off baby plants, or plantlets, while the mother plant continues to grow in size.
543	New Gosh is a combination of human beings who live & work, who love & suffer, who worry & hope. No two people are alike. The one thing we hold in common is our faith in Jesus Christ. Easter Sunday.
544	Answers. Best Answer: The question is, why is your account locked. If you were banned for some reason you need to fill out the appeal form to see if they will lift the ban or shorten it for you. If you account was stolen, you still need to contact Runescape to see if they can help.You can also post for information to the Forum that deals with this. If you account is locked you should also have an e-mail from Jagex in your Runescape user mail box.Without knowing why your account is locked this question is hard to answer, but the info above should give you a start on fixing the situation.f you were banned for some reason you need to fill out the appeal form to see if they will lift the ban or shorten it for you. If you account was stolen, you still need to contact Runescape to see if they can help. You can also post for information to the Forum that deals with this.
545	show more 1.how many molecules are in: 5.0g of water? and 96g CCl4? 2.calculating the number of grams of sodium in 7.4g of: NaCl, Na3Po4, NaC7H5O2? 3.how many moles of O (oxygen) are in 15.0 mol Fe(NO3)3? 4.How many moles of gold atoms do 3.8×1024 gold atoms constitute?5.How many water molecules are in a block of ice....How many water molecules are in a block of ice containing 0.500 mol of water (\rm H_2O)? 6.Suppose a piece of silver jewelry contains 6.71×1022 atoms of silver (\rm Ag).
546	The ResellerRatings seal must pass a series of requirements based upon review acquisition recency, volume and maintained ratings. From time to time these requirements are slightly modulated as to ensure it makes sense with our changing algorithms.
547	With Reverso you can find the German translation, definition or synonym for vulgo and thousands of other words. You can complete the translation of vulgo given by the German-English Collins dictionary with other dictionaries: Wikipedia, Lexilogos, Langenscheidt, Duden, Wissen, Oxford, Collins dictionaries...
548	Detail salary structure of Assistant Station Master (ASM) of Indian Railway Service. Assistant Station Master (ASM): Pay Scale 5200-20200 Grade Pay 2800. With Example, for first year training period and after completion of training.
549	IN SEARCH OF AN ANSWER. It may be difficult to find, but it's not impossible. And CD Projekt Red doesn't shy away from it, either. Last week, the developer announced two paid downloadable add-ons for The Witcher 3. To quantify their size, the developer said they amount to more than 30 hours of play time.
550	So by age 8, children should have all eight of their permanent incisors in place. After a two-year break (about age 10), the next four baby teeth to be lost are the lower canines and upper first molars. These are typically followed around age 11 by the lower first molars.
551	1 To find sin (x/2), we use the following half angle formula. 2  sin (x/2) = + or-SQRT [ (1 - cos x) / 2 3  ]. sin (x/2) = SQRT [ (1 - cos x) / 2 4  ]. Given that sin (x) = 1 / 4, we use the trigonometric identity sin x + cos x = 1 to find cos x, noting that x is in quadrant 2 and cos x is negative.uestions 2: x is in quadrant 3, approximate sin (2 x) if cos (x) = - 0.2. Round your answer to two decimal places. Solution to Question 2: 1  sin (2x) may be calculated using the double angle trigonometric identity. 2  sin (2x) = 2 sin (x) cos (x).
552	This category is for questions and answers related to King Kong, as asked by users of FunTrivia.com. Accuracy: A team of editors takes feedback from our visitors to keep trivia as up to date and as accurate as possible. Related quizzes can be found here: King Kong Quizzes. There are 57 questions on this topic.
553	The Horsehead Nebula is a dark nebula in the constellation Orion. The nebula is located just to the south of the star Alnitak, which is farthest east on Orion's Belt, and is part of the much larger Orion Molecular Cloud Complex.
554	Classpath is a parameter—set either on the command-line, or through an environment variable —that tells the Java Virtual Machine or the Java compiler where to look for user-defined classes and packages.imilar to the classic dynamic loading behavior, when executing Java programs, the Java Virtual Machine finds and loads classes lazily (it loads the bytecode of a class only when the class is first used).
555	Daniel Mowrey recommends: Taken by itself, one 300 mg capsule at each meal or at two of three meals per day is sufficient. Combined with other herbs anywhere from 50 mg to 150 mg is sufficient. (28) Dr. Dukes recommendation on how to take it and how much is as follows: Im all for enjoying turmeric in fabulous food.
556	1 Return or exchange your Fandango ticket(s) at least 2 hours before your movie start time. 2  We'll refund your credit card or we can credit your Fandango account to use for another movie. 3  Your choice.
557	The cell membrane, or plasma membrane, surrounds and protects the internal environment of a cell; however, this is not its only function. A cell membrane also determines what materials enter or leave the cell. This ensures that the cells will be able to get rid of wastes and take up important nutrients and gases.
558	Richard Nixon 37th U.S. President About President Nixon: He served as vice president under Republican President Dwight D. Eisenhower from 1953-61. Nixon ran unsuccessfully for the presidency in 1960, losing by a very close margin to John F. Kennedy.In 1962, Nixon ran unsuccessfully for Governor of California.bout President Nixon: He served as vice president under Republican President Dwight D. Eisenhower from 1953-61. Nixon ran unsuccessfully for the presidency in 1960, losing by a very close margin to John F. Kennedy.
559	deposit Money paid to ensure performance under a written or oral contract.Many states require that lease and other such deposits be maintained in escrow accounts and earn interest which must be paid to the party when the deposit is refunded.All real estate brokers must place earnest money deposits in escrow accounts.
560	What do employers do when employees provide too much notice of resignation? June 2, 2011 Stuart Rudner, Rudner Law Employment/Labour Standards, Human Resources An oft-overlooked issue is the amount of notice that employees must give their employer when they leave. According to Sure-Grip Fasteners Ltd. v. Allgrade Bolt & Chain Inc. (1993), 45 C.C.E.L. 276 (Ontario General Division), “an employee is obligated by law to give reasonable notice of termination to his or her employer. The main purpose of the notice of resignation is to allow the employer a reasonable time to find a replacement.”
561	A New Way to Diagnose Depression? A urine test can detect pyrrole depression, while blood testing can identify the other biotypes. Walsh said a physician-training program is in place to expand the testing throughout the world. Last month, 66 doctors from Australia were trained in the approach, and training for U.S. physicians will take place in October.
562	Related Questions. 1  How do I replace the serpentine belt 2 answers What are the steps needed to replace the serpentine belt? 2  how do i remove the serpintine belt? 2 answers. 3  How do I loosen the serpentine belt on a 2001 chevrolet silverado 1500 extended cab with a 4.8 liter engine? 2 answers.
563	Mix 1/4 cup listering, 1/4 cup of vinegar and 1/2 cup warm water. Soak feet for 10 minutes and when you take them out the dead skin will practically wipe off.
564	From the earlier form je-quoll, from Guugu Yimidhirr dhigul. Recorded by Banks (quote below) but then virtually forgotten for 150 years, with the term native cat used instead. Today readopted and gaining in popularity.
565	Since most calendars show time horizontally, not vertically, most people tend to show data organized by dates and times horizontally. The QI Macros will draw the chart either way, but the best way is vertically.
566	Body Fat Percentage is the proportion of fat to the total body weight. Body Fat Mass is the actual weight of fat in your body. Body fat is essential for maintaining body temperature, cushioning joints and protecting internal organs. The energy, or calories, our body needs comes from what we eat and drink.
567	Holidays Christmas sleigh bells; Halloween creak, creature, evil laugh, ghost, howl, monster, scream, witch; Independence firecrackers, fireworks; New Year's balloon, party horn, pop cork; Thanksgiving turkey.
568	The term bogan (/ˈboʊɡən/) is an Australian and New Zealand slang word that can be used to describe a person with a lower working-class background, or whose speech, clothing, attitude and behaviour exemplify a gratified working class mentality and depending on the context, can be pejorative or self-deprecating.n 2007, Microsoft deemed bogan to be one of twenty colloquialisms most relevant to Australian users when the word was added to the dictionary of Microsoft Office 2007. The word entered the Oxford English Dictionary in June 2012.
569	1 Muscular Power Tests - Tasks requiring the individual to overcome some initial resistance (e.g., loosening a nut on a bolt) 2  Muscular Endurance Tests - Tasks involving repetitions of tool use (e.g., removing objects from belts)  Cardiovascular Endurance Tests - Tasks assessing aerobic capacity (e.g., climbing stairs)
570	Concrete Patio Flooring. A simple surface of concrete can provide a quick and cost effective solution if you are working to a limited budget. Although not the most attractive of patio flooring surfaces, it is functional and durable, provided you use the right concrete mix and lay it with care.
571	I have a bird in my backyard that every morning makes a three tone song or call that sounds very similar to the last three notes of Rue's Song from the Hunger Games. Everyone thought I was crazy but since then I have had two different people tell me they have heard this bird as well. Update: 0:02-0:03 last three notes of the very first whistle.
572	References. Great Basin National Park, located in the eastern portion of the state of Nevada, preserves a small section of America's vast Great Basin.
573	Market trends help you understand the movement of key price indicators. Trends in Plano show a 2% week-over-week rise in average listing price and a -2% drop in median rent per month. View More
574	OFAC has specific reporting requirements in order to meet compliance: Initial OFAC Report. A rejected or blocked transaction must be reported to OFAC within 10 days. The OFAC report must contain the financial institution's name and address. The name and title of the contact person should be included in the report.
575	More results for wildtangent unlock code nancy drew. Nancy Drew: Ghost Dogs of Moon Lake. For those who love mysteries and detective stories, Nancy Drew series is designed for them. This series includes a complete list of titles which represent different missions for Nancy Drew to solve.ancy Drew: The Haunting of Castle Malloy. For those who love mysteries and detective stories, Nancy Drew series is designed for them. This series includes a complete list of titles which represent different missions for Nancy Drew to solve.
576	Compared to the rest of the country, Greenback's cost of living is 14.30% Lower than the U.S. average. POPULATION. As of 2014, Greenback's population is 1,076 people. Since 2000, it has had a population growth of 6.96 percent.
577	Art. Art Materials and General Art Terms (221) Art Perspective (45) Art Styles/Movements (62) Artist Anatomy (72) Artists/Craftpersons (8) Business Art (29) Calligraphy (71) Ceramic Art (48) Color (73) Drawing (66) Jewelry (0) Painting (94) Photography (5) Print Making (58) Sculpture (21) Craft. Blown glass (1) Carpets/Rugs (13) Leather (15) Measures (2) Mosaics (2)
578	Historic Temperatures for 16th April in Nassau. Weather Overview for Nassau. Nassau is a popular resort within the sundrenched Bahamas. This is also the capital city of New Providence, and is home to a plethora of activities and experiences for visitors to enjoy. Of course, the Bahamas are also known to be extremely sunny, and there is no exception here!
579	Oh sure, we can do calculations all day long to figure out that last week we installed a 430 sf patio for Mrs. Jones for $6,785.00, and yes, with some quick math, we know that it was installed for $15.78 per square foot.
580	In building construction, a plenum (pronounced PLEH-nuhm, from Latin meaning full) is a separate space provided for air circulation for heating, ventilation, and air-conditioning (sometimes referred to as HVAC) and typically provided in the space between the structural ceiling and a drop-down ceiling.n buildings with computer installations, the plenum space is often used to house connecting communication cables. Because ordinary cable introduces a toxic hazard in the event of fire, special plenum cabling is required in plenum areas.
581	Share on Google Plus. Osteoarthritis, the most common type of arthritis, occurs when the cartilage on the ends of your bones wears down. This can cause pain and stiffness in the joints, swelling, muscle weakness, and a reduced range of motion in the affected joints.Osteoarthritis can occur in any joint, but is most often found in the hands, hips, knees, or spine.t is fairly common for osteoarthritis to occur in the vertebrae of the spine, but osteoarthritis in the spine qualifies for disability benefits only under certain conditions. To meet the requirements of the listing for spinal disorders, you must have a diagnosis of osteoarthritis in your spine and one of the following:
582	We are in the same boat. Mine are a totally different color than yours, but they aren’t green, blue, gray, or brown. They “change colors”, as people say are characteristic for hazel. But even if they didn’t, there’s never a distinct color. I go with hazel. Yours have a distinct green color in the picture you uploaded.
583	Immigration Reform & What It Means for Immigrants Now. Immigration Reform & What It Means for Immigrants Now. President Obama's announcement to stop the deportation of some undocumented immigrants who were brought to the U.S. as youths, sent ripples through many sectors of government from politicians to immigration law attorneys.
584	As their scientific name Allium proliferum states, these hardy little onions are very prolific.. After planting them in your garden you will have onions every year for years to come! Egyptian Walking Onions are also called Tree Onions, Egyptian Tree Onions, Top Onions, Winter Onions, or Perennial Onions..
585	10-inches thick - covers 32 square feet. 12-inches thick - covers 27 square feet. For example, let's calculate how much concrete is needed for a 5-inch thick rectangular driveway, 60-feet long (length) and 18-feet wide (width). The area of the driveway is 1,080 square feet (60-feet x 18-feet).
586	Toys are an important part of children’s daily recreation. You want to get your child a toy he or she will adore but without the expense of spending a bundle. For a variety of toys both classic and new that won’t leave you penniless, check out these best toy stores in OC.
587	The song was very well received, and is one of the most recognizable songs recorded by Loggins. It won Grammy for Song of the Year (1985). When the American Film Institute released its AFI's 100 Years…100 Songs, Footloose reached the 96th position.The song was covered by country music artist Blake Shelton for the 2011 remake of the 1984 film.The song has also been parodied by Weird Al Yankovic (Hooked on Polkas).t won Grammy for Song of the Year (1985). When the American Film Institute released its AFI's 100 Years…100 Songs, Footloose reached the 96th position.
588	The root cause of psychological erectile dysfunction symptoms can vary. Sometimes it’s external stress, such as work or family, or internal stress stemming from a lack of sexual self-confidence. Identifying symptoms caused by psychological factors are done by analyzing current mental symptoms.
589	Membranophones, where … the sound is generated by a vibrating skin eg. a drum.   Aerophones, where an oscillating air column is used to produce a tone eg. a flute or organ.   Idiophones, where the actual body of the instrument provides the tone eg. a xylophone or castanets.
590	I understand that this document is required to be filed with, and delivered to, the vendor as agent for the Tax Department for the purposes of Tax Law section 1838 and is deemed a document required to be filed with the Tax Department for the purpose of prosecution of offenses.
591	Under proportional reinsurance, one or more reinsurers take a stated percentage share of each policy that an insurer issues (writes). The reinsurer will then receive that stated percentage of the premiums and will pay the stated percentage of claims.
592	Conversely, a low TSH reflects either a low need or desire for thyroid hormone or a low tolerance for the thyroid hormone and is meant to reduce thyroid hormone production. An optimal value of TSH means the thyroid hormone levels match the body’s energy needs and/or ability to utilize the energy.
593	This is the point where our cyst has become the center of a localized infection, and it would be called an abscess sebaceous cyst. Abscess can occur on many different types of tissue. For example, the surface of an organ or even bone are two internal locations. Frequently seen by oral surgeons on any number of surfaces of the mouth, gum, tongue, throat and neck physiology. Sometimes confused with a sebaceous cyst is a lipoma or ‘fatty tumor’.
594	How to Enjoy Mesquite Powder. Our organic mesquite powder has a sweet caramel-like flavor, with a hint of nuttiness. Mesquite can be used in breads, biscuits, baked goods, and dietetic desserts.Unlike white flour, mesquite powder does not cause spikes in blood sugar levels so it is an ideal sweetener for diabetics.ow to Enjoy Mesquite Powder. Our organic mesquite powder has a sweet caramel-like flavor, with a hint of nuttiness. Mesquite can be used in breads, biscuits, baked goods, and dietetic desserts.
595	Recent Articles. The ups and downs of small town dating Westward Ho! Chicago Native Lands Dream Job, Adopts New Hometown Fastest Growing Markets for Singles in the U.S. (An infographic) 10 Best Cities for Singles They Visited Every County in the U.S. (3,143) Best U.S. Cities for Bees I Got a Job In Another City.
596	In bacteria, all transcription is performed by a single type of RNA polymerase. This polymerase contains four catalytic subunits and a single regulatory subunit known as sigma (s). Interestingly, several distinct sigma factors have been identified, and each of these oversees transcription of a unique set of genes.
597	A pulmonary embolism is a blockage in an artery in the lungs. A pulmonary embolism is a potentially life-threatening condition that is usually caused by a blood clot that travels to the lung from a vein in the leg. Research Hospital Ratings, Talk to Your Doctor.
598	But now that you've seen the actual results, you can see this simply isn't true. Januvia and glipizide failed for 54% of those who tried them over two years and over one years far more people found it worthless compared to those who tried glipizide. The impact on blood sugar was functionally insignificant for both.
599	Recently Uber, Lyft and Sidecar began rolling out a new type of service that lets their customers share their rides with strangers picked up along the way to their destination, then split the fare. Each company has its own brand name—UberPool, Lyft Line and Sidecar’s Shared Rides—but essentially they work the same way.
600	By the numbersAccording to the Bureau of Labor Statistics, the average American worker got paid $24.57 per hour in December, or $850.12 per week. That was up from $24.17 per hour and $829.03 per week a year ago.However, average income can be misleading given that wages differ significantly from industry to industry.For example, utilities employees were the best paid workers in December, earning an average $35.86 per hour, or $1,509.71 per week.hat was up from $24.17 per hour and $829.03 per week a year ago. However, average income can be misleading given that wages differ significantly from industry to industry. For example, utilities employees were the best paid workers in December, earning an average $35.86 per hour, or $1,509.71 per week.
601	The major with the highest average starting salary in 2014 is engineering at $62,719, up 0.3 percent from last year’s $62,535, followed by computer science at $61,741. Despite the decrease this year, business starting salaries ranked third-highest.he average starting salary for students graduating this year with a business major – including accounting – has declined slightly over the last year, according to the latest salary survey from the National Association of Colleges and Employers (NACE) .
602	The label released Blondie's debut, also produced by Gottehrer, in December 1976. The group expanded its cult following to the West Coast with shows at L.A.'s Whisky-a-Go-Go in February 1977 and opened for Iggy Pop on a national tour.
603	Scotch Ales are strong ales, also known as Wee Heavy. In the 19th century Scotland, they'd also be known as 160/-, a nomenclature based on the now obsolete shilling currency. Scotch Ales traditionally go through a long boil in the kettle for a caramelization of the wort. This produces a deep copper to brown in colored brew.
604	Noun. ( 1 nautical) A system of ropes and blocks used to increase the force applied to the free end of the rope. ( 2 fishing, uncountable) Equipment (rod, reel, line, lure, etc.) used when angling. ( 3 uncountable, informal) By extension, any piece of equipment, particularly gadgetry.
605	Hydrofluoric acid (HF) has a number of chemical, physical and toxicological properties, which make handling this material especially hazardous. Anhydrous HF is a clear, colorless, fuming, corrosive liquid. HF is also available in the gaseous state.
606	1 Confirm that the appeal hearing/meeting is a result of the decision of a (disciplinary/capability/sickness capability/ grievance) panel (providing the date of original hearing/meeting and its outcome), and that the appeal will be heard in line with the relevant procedure.
607	Calcium has an odd number of valence electrons in its outer shell. Calcium will lose two valence electrons to achieve the stable configuration of argon. Calcium is a reactive alkaline-earth metal found in group 2 of the periodic table.
608	The Mayo Clinic recommends that aloe vera can be used to relieve constipation, but sparingly. They advise that a dose of 0.04 to 0.17 grams of dried juice is sufficient. If you have Crohn’s disease, colitis, or hemorrhoids you shouldn’t consume aloe vera.
609	Asia   Japan is located in the eastern part of Asia, on the China sea and the sea of Japan. 32 people found this useful.
610	1 Each user can access personal data in real time from any device. 2  Each user can access personal data from any location with Internet access. 3  Each user can integrate personal data such as calendars and contact lists served by diverse application programs.
611	Check with your doctor. Ginger seems to help with nausea caused by vertigo as well. There's mixed evidence about whether ginger helps with nausea caused by motion sickness, surgery, or chemotherapy. Ginger does seem to help with painful periods.In one study, more than 60% of women felt that ginger lessened pain.here's mixed evidence about whether ginger helps with nausea caused by motion sickness, surgery, or chemotherapy. Ginger does seem to help with painful periods. In one study, more than 60% of women felt that ginger lessened pain.
612	Sprinkles these healthy seeds into your yogurt or smoothies and you the energy you need to fuel your day. Chia seeds give you stable energy because of their great ratio of protein, fats and fiber combined with the fact that they're low-carb, says Carolyn Brown, MS, RD at Foodtrainers on Manhattan's Upper West Side.
613	Van Halen. The band went on to become major stars, and by the early 1980s they were one of the most successful rock acts of the time. 1984 was their most successful album. The lead single, Jump, became an international hit and their only single to reach number one on the Billboard Hot 100.
614	One, the most common, is the easiest to recycle; ones are typically soda bottles and other plastic food containers and bottles. Twos--milk jugs, laundry detergent containers, shampoo bottles--are commonly recyclable as well. Threes through sevens are manufactured from types of plastic that are rarely recyclable.
615	Care must be taken to avoid confusing generic Macrobid with generic Macrodantin® (nitrofurantoin macrocrystalline), a similar medication that is taken four times a day. The generic names are quite similar and are often abbreviated in order to fit on prescription labels. While most pharmacists are aware of this potential problem and are careful to avoid confusing the two, it is a good idea to check with your pharmacist if your generic Macrobid looks different from the Macrobid pills you have received before.
616	Miriam Schapiro is a leading figure in the feminist art movement. Often tied to the 1970s era Pattern and Decoration movement, Schapiro creating a path forward for herself and her colleagues as she worked to resurrect the reputations of women artists who had been forgotten or dismissed by art historians.
617	kik Hack spy tool for Android and iOS, which will help you to hack kik messages of your friends & family easily. Updated 2015. kik hacker. kik hack tool. kik hacker download. kik hack app. kik hack download. kik hack and spy. kik hack spy tool. kik hacker free.
618	An accounting audit trail incorporates all paperwork and electronic evidence that shows the operational journey a transaction goes through from the day corporate personnel sign the underlying contract to the time the transaction makes it into financial statements.
619	Jessica White is a budding supermodel. She has been called “the model of her generation” by Tyra Banks, and became the first African-American model to appear in three consecutive SI swimsuit issues in 2005. Click here for more pictures of Jessica White!
620	- the dipole antenna or dipole aerial is a key element in the antenna environment. It can be used on its own or as part of another antenna system. Dipole tutorial includes. The dipole antenna or dipole aerial is one of the most important and commonly used types of RF antenna. The dipole aerial or antenna is widely used on its own, but it is also incorporated into many other RF antenna designs where it forms the radiating or driven element for the overall antenna.
621	For one thing, the book has a seething energy that sweeps you along. Sinclair was a self-important moralist and a glutton for work, as Anthony Arthur relates in a new biography, Radical Innocent: Upton Sinclair, and his outsized drive to put words on paper seems to have preceded any other ambition.
622	The Tomatometer rating – based on the published opinions of hundreds of film and television critics – is a trusted measurement of movie and TV programming quality for millions of moviegoers. It represents the percentage of professional critic reviews that are positive for a given film or television show. Fresh.
623	According to LoLking (http://www.lolking.net/champions/), the current top 10 win-rate champions in order: 1  Amumu (14.29% popularity, 55.59% win rate) 2  Fiora (7.9% popularity, 54.55% win rate) 3  Rammus (4.65% popularity, 54.43% win rate)  Warwick (14.46% popularity, 54.31% win 1  rate) Rumble (1.43% popularity, 54.17% win rate)
624	Renewable energy is energy generated from natural resources—such as sunlight, wind, rain, tides and geothermal heat—which are renewable (naturally replenished).Renewable energy technologies range from solar power, wind power, hydroelectricity/micro hydro, biomass and biofuels for transportation.Renewable energy is energy that is generated from natural processes that are continuously replenished.This includes sunlight, geothermal heat, wind, tides, water, and various forms of biomass. This energy cannot be exhausted and is constantly renewed.enewable energy technologies range from solar power, wind power, hydroelectricity/micro hydro, biomass and biofuels for transportation. Renewable energy is energy that is generated from natural processes that are continuously replenished.
625	1 A Registered Kennel Name cannot be included in a dog's name unless its use is authorized by the owner of the name. 2  Roman numerals must not be included at the end of the dog's name. 3  The AKC reserves the right to assign roman numerals for identification purposes.
626	The generic ingredient in WELCHOL is colesevelam hydrochloride. There are ten drug master file entries for this compound. Additional details are available on the colesevelam hydrochloride profile page.
627	Cilantro, also known as Chinese parsley, is the leaf of the coriander plant. The spice coriander is the seed. The names cilantro and coriander are sometimes interchanged. In England, for example, only the word coriander is used and they are differentiated by referring to the coriander seed or coriander leaf.ilantro, also known as Chinese parsley, is the leaf of the coriander plant. The spice coriander is the seed. The names cilantro and coriander are sometimes interchanged. In England, for example, only the word coriander is used and they are differentiated by referring to the coriander seed or coriander leaf.
628	We have a few other tricks to try if you're calling Amica - Auto Insurance, and if you are already viewing this on a phone or call-capable device, then you can click or tap below to just start a call. 1  Have Amica - Auto Insurance call you insteadCall Amica - Auto Insurance using our web-phoneDial 800-242-6422 now.
629	Acute Kidney Injury. Acute kidney injury is a condition where your kidneys suddenly stop working properly. Usually this happens when you are unwell from another illness. If you have acute kidney injury you are often already ill in hospital. If not, you will usually be sent to hospital to be looked after.
630	Formation [edit]. Neurofibrillary tangles are formed by hyperphosphorylation of a microtubule-associated protein known as tau, causing it to aggregate, or group, in an insoluble form.(These aggregations of hyperphosphorylated tau protein are also referred to as PHF, or  paired helical filaments ).t was found that only an increase in neurofibrillary tangle load was associated with severity of aggression and chronic aggression in Alzheimer's patients. While this study does indicate a correlation between NFT load and severity of aggression, it does not provide a causative argument.
631	English Meaning: The name Darby is an English baby name. In English the meaning of the name Darby is: Deer Park, from the surname and place name Derby. Also 'Without envy.
632	Thie page will explore the ethical issues behind using animals in entertainment, including cirucses, zoos, rodeos, racing, cockfighting, and dog fighting. Issues will include confinement of wild animals in captivity, and the ethics of training and forcing animals to perform and fight.
633	Sanders could pass for 75 to 83, Hillary looks older than Trump, even though she's younger than he is. Trump isn't easy on the eyes, but he just doesn't seem that feeble, and his hair isn't grey.
634	The more rooms, the better. The real power of a Sonos system kicks in when you add more speakers. Suddenly you’re playing different songs in different rooms. Or grouping all your speakers together to blast one big jam to every room at once.
635	Purchase by a company of its shares. A company may purchase any of its shares (whether or not they are expressed to be redeemable) under CA 2006, sec690 - sec708. The purchase can be by means of a market purchase (PLCs only) or an off-market purchase.he company must keep a copy of any contract to purchase its own shares, or a memorandum of its terms if it was not in writing, at its registered office for 10 years. It must be made available for inspection by members and, if a public company, by any other person. Financing redemption or purchase of own shares.
636	Causes of vertigo. Vertigo is a symptom of several different conditions. There are two types of vertigo, known as peripheral and central, depending on the cause. Peripheral vertigo is the most common type, often caused by a problem with the balance mechanisms of the inner ear. 1  The most common causes include: 2  benign paroxysmal positional vertigo (BPPV) 3  head injury. 4  labyrinthitis. 5  vestibular neuronitis. 6  Ménière's disease. 7  taking certain types of medication.
637	Bank Of Hawaii Guam A routing number is a nine digit code, used in the United States to identify the financial institution. Routing numbers are used by Federal Reserve Banks to process Fedwire funds transfers, and ACH(Automated Clearing House) direct deposits, bill payments, and other automated transfers.
638	Formatting the First Page of Your Paper. 1  Do not make a title page for your paper unless specifically requested. 2  In the upper left-hand corner of the first page, list your name, your instructor's name, the course, and the date. 3  Again, be sure to use double-spaced text. 4  Double space again and center the title.
639	LaGrange County's initial settlers were Yankee immigrants, that is to say they were from New England and were descended from the English Puritans who settled that region in the colonial era. They were part of a wave of New England settlers moving west into what was then the Northwest Territory after the completion of the Erie Canal.
640	Directions. 1  1. For the Cake: Set oven rack to middle position and preheat oven to 350°F. Grease and flour three 8-inch round cake pans and set aside. 2  2. In bowl of a stand mixer fitted with a paddle attachment, cream butter, sugar and zest together on high speed until light and fluffy (about 3 minutes).
641	Effects of reduced tidal volume ventilation on pulmonary function in mice before and after acute lung injury. Thammanomai A, Majumdar A, Bartolak-Bartolák Suki, E Suki. B. dept Of Biomedical, Engineering Boston., Univ, BOSTON ma, 02215. usae investigated the influence of load impedance on ventilator performance and the resulting effects of reduced tidal volume (Vt) on lung physiology during a 30-min ventilation of normal mice and 10 min of additional ventilation following lavage-induced injury at two positive end-expiratory pressure (PEEP) levels.
642	Vitamin D Deficiency & Jaw Pain. Jaw pain may be related to a vitamin D deficiency. Photo Credit Digital Vision/Digital Vision/Getty Images. Many people suffer from jaw pain caused by problems with the temporomandibular joint, also known as TMJ, a joint located near your ear that allows your lower jaw to function.hile vitamin D supplementation may help symptoms of jaw pain, there's not enough clinical research to fully support its benefits. If you suffer from chronic jaw pain, see a dentist. A number of treatments can help your symptoms.
643	This video shows you how to open the hood in your 1999 Volkswagen Beetle. Popping the hood on your Beetle is a two step process, you need to release the hood latch inside your Beetle and then you need to release the safety latch under your hood in the front of your Beetle.
644	When you file a tax return as Married Filing Separately, you and your spouse each report your own individual income, deductions, credits, and exemptions on different tax returns. If you file separate returns, you and your spouse are only responsible for your own individual tax liability.f you file a joint return, your refund is fair game because your tax liability has been combined with that of your spouse. If you want to protect your own refund money, you may want to file a separate return. You MIGHT get a bigger refund (or owe less tax) if you file separately. But this is not usually the case.
645	DHS Offices and Service Providers for Marion County. DHS Family Community Resource Center in Macon County - Long Term Care. DHS Family Community Resource Center in Marion County. Hours: 8:30 a.m. - 5:00 p.m. Receives applications for Cash, SNAP, and Medical Assistance by fax, mail or in person. IDHS Human Services - (Spanish) DHS 4001 S. IDHS Human Services - DHS 4001. Show Map | Directions: To this Office | From this Office.
646	Corgard is effective at treating symptoms of angina because it decreases the workload of the heart. This, in turn, means that the heart needs less oxygen and nutrient-rich blood to function properly at any given level of effort. Corgard does not cure this type of heart disease. When your blood pressure is measured, the results are given as a combination of two numbers (for example, 120/80, said as 120 over 80). The top number is known as the systolic blood pressure, and the bottom number is the diastolic blood pressure.
647	The number of Native Americans living on reservations and trust lands vary substantially. According to the 2000 census, only ten reservations had a resident population of more than 7,000. These were the Navajo, Fort Apache, Gila River, Papago, Rosebud, San Carlos, Zuni Pueblo, Hopi, and Blackfeet reservations.
648	I need help with a computing problem. 1  Fill out this form to submit your issue to the UITS Support Center. 2  Please note that you must be affiliated with Indiana University to receive support. 3  All fields are required.
649	Instill one drop of RESTASIS MULTIDOSE™ ophthalmic emulsion twice a day in each eye approximately 12 hours apart. RESTASIS MULTIDOSE™ can be used concomitantly with lubricant eye drops, allowing a 15-minute interval between products.
650	(United States). An average Ultrasound Technologist in the United States can expect to take home roughly $28.45 per hour. Earnings generally vary between $19.85 per hour and $38.32. Experience level and the particular city each impact pay for this group, with the former having the largest influence. Most Ultrasound Technologists report high levels of job satisfaction.
651	HPV/Genital Warts. HPV vaccines protect against a very common sexually transmitted virus called HPV or human papillomavirus. HPV infects at least 50% of sexually active people at some point in their lives. The virus often clears from the body on its own.
652	), officially the Republic of Rwanda (Kinyarwanda: Repubulika y'u Rwanda; French: Republique république Du), rwanda is a sovereign state in central and East. Africa located a few degrees south of The, Equator rwanda is bordered By, Uganda, Tanzania burundi and The Democratic republic of The. congo
653	Best Answer: The pink coolant is Toyota type SLLC (super long life coolant) and it is only available at the dealer. Do not use anything but SLLC in your car.To make it easier for you when you order it the part number is: 00272–SLLC2 and it comes pre-diluted 50/50 so you don't even have to buy any distilled water.an I buy the Toyota Coolant in the sales dept. , or the car should be serviced by Toyota inorder for them to topout fluids including the coolant. I noticed that the coolant color is pink. Add your answer. Source. Submit Cancel.
654	Beta-carotene is one of a group of red, orange, and yellow pigments called carotenoids. Beta-carotene and other carotenoids provide approximately 50% of the vitamin A needed in the American diet. Beta-carotene can be found in fruits, vegetables, and whole grains.It can also be made in a laboratory.aking beta-carotene, selenium, vitamin C, and vitamin E together might decrease the effectiveness of some medications used for lowering cholesterol. It is not known if beta-carotene alone decreases the effectiveness of some medications used for lowering cholesterol.
655	Watch my video ! 1. Depending on the length of your tomato, dig a trench about the 2 inches shorter than the length of the plant. 2. Make sure you dig it about 2 inches deeper than the size of the root ball of the plant.3. Lay the tomato plant on its side in the trench.4. I add some egg shells and some organic fertilizer in the trench. My favorite is Dr. Earth.atch my video ! 1. Depending on the length of your tomato, dig a trench about the 2 inches shorter than the length of the plant. 2. Make sure you dig it about 2 inches deeper than the size of the root ball of the plant.
656	Also have a read of 'Natural remedies for constipation' by herbalist Megan - she describes some more natural ways to ease and relieve constipation, all of which can be applied during your period. Images from Madison.k12.wi.us, FoxNews.com and Live-Pure.com.
657	A transgenic organism is an organism which has been modified with genetic material from another species. The genetic modification is accomplished by inserting DNA into an embryo with the assistance of a virus, a plasmid, or a gene gun.iwis, oranges and other fruits have been genetically modified to be resistant to certain diseases. A transgenic organism is an organism which has been modified by inserting the DNA of another species into it as an embryo.
658	Rating Newest Oldest. Best Answer: ANSWER: let's use what you gave: 1 2/3. to convert this into an improper fraction, multiply the denominator (3) by the whole number (1) then add the numerator (2) to the product. The sum is the numerator of your answer.ating Newest Oldest. Best Answer: ANSWER: let's use what you gave: 1 2/3. to convert this into an improper fraction, multiply the denominator (3) by the whole number (1) then add the numerator (2) to the product. The sum is the numerator of your answer.
659	The only other two CIA locations in the country are known to the public are the agency's headquarters in Langley, Virginia, and Camp Peary, a military base near Williamsburg, Virginia, known by its code name, “The Farm,” that is believed to be used for training, according to the Times.
660	- Deciduous, ideal for fresh eating, bears large, light blue berries with abundant white flowers. 4) Latham Red Raspberry (Rubus Idaeus 'Latham'). - This type of raspberry is disease-resistant and productive, deciduous, flavorful, aromatic, good texture, berries ripen in late June.
661	Adj. 1. polemic-of or involving dispute or controversy. polemical. controversial-marked by or capable of arousing controversy; the issue of the death penalty is highly controversial; Rushdie's controversial book; a controversial decision on affirmative action.olemic. A discussion, often heated, in which a difference of opinion is expressed: altercation, argument, bicker, clash, contention, controversy, debate, difficulty, disagreement, dispute, fight, quarrel, run-in, spat, squabble, tiff, word (used in plural), wrangle. Informal: hassle, rhubarb, tangle.
662	Other presidents have forgone salaries, too: President John F. Kennedy (1961 to 1963) had the largest family wealth in presidential history and gave the entirety of his salary to charity, for example, while President Herbert Hoover (1929 to 1933) dispersed his salary among charities and additional income for his team.
663	Because the inflatable is on the water more than in the water, it is pushed around more easily by the wind. Folding Kayaks Designed for portability, folding kayaks can be transported on planes or trains with security. A framework of metal or wooden struts locks together and a fabric covering is stretched over.
664	Hibiscus Tea 101: Health Benefits, Side Effects and Recipes. 1  Hibiscus tea health benefits and conditions it treats naturally. 1. High Cholesterol. 2. High Blood Pressure. 3. The Common Cold. 4. Aging. 5. Weight Loss. 6. Digestive Problems. 7. Depression. 8. Cancer. 9. Heart Disease. 10. Diabetes and Liver Disease.
665	The Chrysler Sebring is a line of mid-size automobiles that was sold from 1995 through 2010 by Chrysler.Three generations of convertibles, two generations of sedans, and two generations of coupes were produced.he Sebring name was then used on three different cars for 2001: the coupe was based on the Mitsubishi Eclipse, while the sedan and convertible were Chrysler JR platform successors to the Chrysler Cirrus.
666	That's a shame :/ I think it's a very personal thing with these kind of low-carb products, I've never had a problem with Mama Lupe's tortillas, but saying that I know some people who say artificial sweeteners in stuff like Diet Coke has kicked them out.
667	The Scientific Outlook on Development, (simplified Chinese: 科学发展观; traditional Chinese: 科學發展觀; pinyin: Kēxue Kēxué Fāzhǎn) guān sometimes translated to either the scientific development, concept or as the scientific development, perspective is one of the guiding-socio economic principles of The Communist party Of (CHINA). cpche ideology is recognized by observers as a comprehensive response to the ideological gap left by the social problems that resulted from China's market economic reforms. Credit for the theory is given to former Chinese leader Hu Jintao and his administration, who was in power from 2002 to 2012.
668	Nintendo Accounts and Nintendo Network IDs are used for different purposes. A Nintendo Network ID (ID) is created and used on our dedicated video-game systems, Wii U and the Nintendo 3DS family of systems. IDs are used for online features (such as online multiplayer or interactions) and for purchasing downloadable software through Nintendo eShop.
669	→ In other words, place names. Sydney, Australia is a formal region. A functional region exists because a specific function is present within the region (for example, an area covered by a particular sales force or a rail network). → Other examples are tourism in Hawaii, the subway in NY, an industrial plant in a rural area, farming in the Midwest.
670	The clinical depression symptoms seen with bipolar disorder are the same as those seen in major depressive disorder and include: Decreased appetite and/or weight loss, or overeating and weight gain Difficulty concentrating, remembering, and making decisions
671	Advantages. 1  Direct contributions to a Roth IRA (principal) may be withdrawn tax and penalty-free at any time. 2  Up to a lifetime maximum $10,000 in earnings, withdrawals are considered qualified (tax-free) if the money is used to acquire a principal residence for the Roth IRA owner.
672	Fort San Cristobal. One of the must-see tourist attractions in San, Puerto Rico, is the Fort San Cristobal. The fort, the largest Spanish fort in the Western hemisphere, was built in 1783 to protect the city against land attacks.ld San Juan. Old San Juan is the oldest settlement within Puerto Rico, and it is the historic colonial section of San Juan, PR. The small, narrow island lies in the north coast of Puerto Rico, and 3 bridges connect the island to the mainland. unknown.
673	Enforceability of “Time Is of the Essence” Provisions in Civil-Law Jurisdictions. At the 2008 ABA annual meeting I appeared on a panel with Kevin Kyte, partner at the Montreal office of Stikeman Elliott. Kevin’s topic was things to bear in mind when drafting contracts governed by the law of a civil-law jurisdiction.
674	1 The Denture Fountain of Youth®. 2  Implant Dentures. 3  Partial Dentures and Dental Bridges.  Single-Arch Dentures (Replacing either the top or the bottom teeth, but leaving the natural teeth in your other arch)
675	Currants are glossy red or black berries that grow on thornless upright shrubs. To be classified as a currant, the bush must be in the genus Ribes. Native to the Northern Hemisphere, these plants have been cultivated throughout Europe and Asia for centuries.
676	the noun hormone has 1 sense 1 the secretion of an endocrine gland that is transmitted by the blood to the tissue on which it has a specific effect familiarity information hormone used as a noun is very raredictionary entry details hormone noun the secretion of an endocrine gland that is transmitted by the blood to the tissue on which it has a specific effect familiarity information hormone used as a noun is very rare dictionary entry details hormone noun
677	Vehicle Identification Number Definition. A Vehicle Identification Number, also known as a VIN, is a 17 digit alpha numeric code that vehicle manufacturers use to describe the make, model and design features of a vehicle. There are dozens upon dozens of detail that can be gleaned from a Vehicle Identification Number Search.
678	The name Ethan is a Biblical baby name. In Biblical the meaning of the name Ethan is: Strong, the gift of the island'. American Meaning: The name Ethan is an American baby name. In American the meaning of the name Ethan is: Strong, the gift of the island'.Hebrew Meaning: The name Ethan is a Hebrew baby name. In Hebrew the meaning of the name Ethan is: Strong. Constancy.merican Meaning: The name Ethan is an American baby name. In American the meaning of the name Ethan is: Strong, the gift of the island'. Hebrew Meaning: The name Ethan is a Hebrew baby name. In Hebrew the meaning of the name Ethan is: Strong. Constancy.
679	Here you can learn about child custody and parenting time (also called visitation) cases, how to prepare a parenting plan for you and your children, and how to get or change a court order. You can also find many resources to help you and your children through your separation or divorce.ustody and Parenting Time (Visitation) Orders. Find out how to ask for a custody and/or parenting time (visitaton) order, respond to a request, or change an existing order. You will also learn about the law in custody and visitation cases and get information on enforcing an existing order. Custody Mediation.
680	Unity has several kinds of special folders. One of them is the Resources folder. Simple concept of storing assets is well-explained in the official documentation: Generally, you create instances of assets in a scene to use them in gameplay but Unity also lets you load assets on demand from a script.
681	Other master files submitted for review in support of documents filed with FDA are: 1  Biologics Master Files supporting Notices of Claimed Investigational Exemption for a New Drug (INDs) for biologics and biologic licenses. For more information please refer to CBER’s Drug Master Files for CBER-Regulated Products webpage.
682	About Bank of Ireland Group PLC Bank of Ireland Group Public Limited Company offers banking services. The Bank provides business loans, home insurance, mortgages, credit and debit card processing, online banking, investment consulting, fixed deposits, credit unions, check collection, payroll, cash management, and other banking services. Bank of Ireland Group serves customers worldwide. Address
683	An important factor in social learning theory is the concept of reciprocal determinism. This notion states that just as an individual's behavior is influenced by the environment, the environment is also influenced by the individual's behavior.
684	- Common Symptoms. There are several systems that can leak oil. Each fluid tends to be a different color, which can help to identify the leaking system. 1  Engine oil tends to be brown or black. 2  It can be an amber color if it's new oil. 3  Power steering fluid can be many colors: clear, brown, green or red. 4  Automatic transmission fluid is reddish in color.
685	Electricity stored in a battery is an example of electrical potential energy. You can use the energy in the battery to power a flashlight, for example. When you switch on a flashlight, the battery inside begins to supply electrical energy to the lamp, making it give off light.
686	Synopsis. Thomas Wolfe was born in October 1900 in Asheville, North Carolina. He first attended the University of North Carolina and then Harvard University before moving to New York City in 1923.
687	Based on the DC Comics character Batman, the film is the second part of Nolan's Batman film series and a sequel to 2005's Batman Begins, starring Christian Bale, Michael Caine, Heath Ledger, Gary Oldman, Aaron Eckhart, Maggie Gylenhaal and Morgan Freeman.olan's inspiration for the film was the Joker's comic book debut in 1940, the 1988 graphic novel The Killing Joke, and the 1996 series The Long Halloween, which retold Two-Face 's origin. The nickname the Dark Knight was first applied to Batman in Batman #1 (1940), in a story written by Bill Finger.
688	This is one reason why it is not a good idea to rely on a general list of preferred Koala food trees. Leaving out the key species from tree plantings to restore Koala habitat, could be a waste of time and effort.
689	The almost president has become the ultimate Davos Man, a moral entrepreneur and richer than Mitt Romney. The house in Nashville is gleaming white, with symmetrical wings and four twenty-foot-high Victorian columns. Under the soaring portico stands Al Gore, dressed in his casual uniforma button-down blue dress shirt, jeans, and cowboy boots. This is Gore’s White House, a 10,000-square-foot mansion he and Tipper renovated in 2007.
690	Within a country, the jurisdiction of law enforcement agencies can be organized and structured in a number of ways to provide law enforcement throughout the country. A law enforcement agency’s jurisdiction can be for the whole country or for a division or sub-division within the country.
691	Signs and symptoms of peripheral neuropathy might include: 1  Gradual onset of numbness, prickling or tingling in your feet or hands, which can spread upward into your legs and arms. 2  Sharp, jabbing, throbbing, freezing or burning pain. 3  Extreme sensitivity to touch.  Lack of coordination and falling.
692	Chris Stapleton debut album streams exclusively on NPR Music First Listen. Country singer/songwriter Chris Stapleton’s much anticipated debut album, Traveller, is currently streaming exclusively on NPR Music’s First Listen. Already proclaimed “the year’s strongest country debut by The Fader, the album officially launches Tuesday, May 5, 2015 on Mercury Records Nashville and is currently available for pre-order on iTunes.
693	Excess protein in the urine often causes the urine to become foamy, although foamy urine may also be caused by bilirubin in the urine (bilirubinuria), retrograde ejaculation, pneumaturia (air bubbles in the urine) due to a fistula, or drugs such as pyridium.
694	Depending on the type of driving record and where you purchase it, your Colorado driving record may provide either a partial or complete outline of your personal CO driving history. 1  Your personal details, such as full name and address.  Details about traffic accidents.
695	VIP Tour Services. Premium VIP Tours. Imagine the perfect family vacation at the Walt. Disney World Resort – customized to your. family’s desires, arranged on your schedule, with. an expert VIP Tour Guide by your side. From expeditiously experiencing your favorite. attractions to enjoying reserved viewing areas at.
696	The study of language and schizophrenia has a long history dating back to the earliest reports of the disorder. These early reports have been enriched, in recent years, by empirical, theoretical, and methodological advances in the psycholinguistics and cognitive neuroscience.
697	Colors are displayed combining RED, GREEN, and BLUE light. CSS colors are defined using a hexadecimal (HEX) notation for the combination of Red, Green, and Blue color values (RGB).The lowest value that can be given to one of the light sources is 0 (HEX 00). The highest value is 255 (HEX FF).olors are displayed combining RED, GREEN, and BLUE light. CSS colors are defined using a hexadecimal (HEX) notation for the combination of Red, Green, and Blue color values (RGB).
698	How to Store. Let a not-quite-ready cantaloupe ripen at room temperature for up to 2 days (keeping it in a closed paper bag will speed up the process). Refrigerate a whole ripe melon for up to 5 days. For cut wedges of cantaloupe, cover the surfaces and refrigerate for up to 3 days.(If possible, leave the seeds intact.They prevent the flesh from drying out.) Cubes without the seeds will last 1 to 2 days in a resealable container in the refrigerator.efrigerate a whole ripe melon for up to 5 days. For cut wedges of cantaloupe, cover the surfaces and refrigerate for up to 3 days. (If possible, leave the seeds intact.
699	Specific models are termed stereo plug, mini-stereo, mini jack, headphone jack and microphone jack, or are referred to by size, i.e. 3.5mm or 6.35mm. In the UK, the terms jack plug and jack socket are commonly used for the respective male and female phone connectors.
700	In other words, you will essentially use If…then logic statements to build powerful processes that solve your real-life business problems. If you would like to begin learning this and other advanced features of Excel, a good place to start is an advanced online course in Excel. In this guide, we will learn more about what the IF function does, how to use it, and how to get the most out of it by including it within larger formulas. Background on the IF function Like most of the functions you are familiar with in Excel, the IF function delivers an output to a single cell, as opposed to a range of cells (as would be the case for an array function). In using it to process multiple entries throughout a spreadsheet, you construct it for a single cell and then copy it down to additional cells in a range.
701	So, scraper beware! There have been many court cases where web scraping turned into felony offenses. One case involved an online activist who scraped the MIT website and ultimately downloaded millions of academic articles. This guy is now free on bond, but faces dozens of years in prison and $1 million if convicted.
702	Aside from the hokey honor societies like Golden Key I am excluding, there are two major types of honor society you can join: major-specific like Beta Alpha Psi which is specific to accounting majors, and large, interdisciplinary honor societies like Phi Kappa Phi and Omicron Delta Kappa.
703	90% of the time, speakers of English use just 7,500 words in speech and writing. These words appear in red, and are graded with stars.
704	Standard Pallets The standard pallet is the most common pallet size that is used. Its size is 48 x 40. The thickness of the wood standard is 5/8. We will be using this wood standard for all pallets explained in the article. The weight that the pallets hold is measured in pounds. The standard pallet can hold 4,600lbs.The 36 x 36 pallet can hold 4,700lbs. In addition, the 42 x 42 pallet and the 48 x 48 pallet can hold 3,700lbs. denverreelandpallet.com offers custom made pallets at cheap prices.
705	According to the fourth edition of the Diagnostic and Statistical Manual of Mental Disorders, published in 1994 (DSM-IV), dysthymia is a serious state of chronic depression, which persists for at least two years (one year for children and adolescents). Dysthymia is less acute and severe than major depressive disorder. As dysthymia is a chronic disorder, sufferers may experience symptoms for many years before it is diagnosed, if diagnosis occurs at all.
706	Some Part C plans provide significant coverage beyond what you get in Parts A and B - including, in some cases, prescription drug coverage - but not all. The better ones basically function like Medigap policies but are administered by Medicare rather than being wholly run by private insurance companies.
707	Statistically, the most dangerous places to drive are two-lane country roads, but for over-the-road truckers, it’s the curvy, the foggy, the snow-drowned stretches of major interstates where big accidents happen that stick in the memory for years to come.
708	105 Responses to Birth & Death Rates. the reason why not a lot of people die a year is because we are on the top of the food chain. Actually Niks is not wrong if he meant to use ‘science and technology’ as one entity. Actually… Hide and go seek is a singular entity only because it refers to a game.
709	A minority of researchers start the generation in the late 1970s. A 2014 report from Synchrony Financial describes Millennials as starting as early as 1976, and a 2009 report from MetLife defines the generation as being born between 1977 and 1994.
710	There are two other types of lupus: Discoid lupus erythematosus, which mainly affects the skin. The symptoms of this form of lupus include a rash on the face, scalp, or elsewhere. The rash may last for days or years, and can recur. Drug-induced lupus, which is triggered by certain medications, usually goes away when the medicine is stopped.
711	1. Using the “Send” Option. You could click on the location pointer, go to “more” and there you’ll find a “Send” button. When you click on that button, a box pops up with the location’s link on the map, and options to email others, and yourself. There’s a “Phone” option too which you may want to make use of.
712	Process Technologist average salary is $79,985, median salary is $82,500 with a salary range from $47,000 to $138,000. Process Technologist salaries are collected from government agencies and companies.Each salary is associated with a real job position. Process Technologist salary statistics is not exclusive and is for reference only. They are presented as is and updated regularly.rocess Technologist salary is full-time annual starting salary. Intern, contractor and hourly pay scale vary from regular exempt employee. Compensation depends on work experience, job location, bonus, benefits and other factors.
713	Dyshidrosis, also known as dyshidrotic eczema or pompholyx, is a skin condition in which very small, fluid-filled blisters appear on the palms of your hands and the sides of your fingers. The soles of your feet also can be affected. The blisters that occur in dyshidrosis generally last around three weeks and cause intense itching. Once the blisters of dyshidrosis dry, your skin may appear scaly. The blisters typically recur, sometimes before your skin heals completely from the previous blisters.
714	Call in to 800-939-8357 and press 4 for student loan help Jeffrey. Andrew will be able to help you get a bead on your settlement scenarios. Please post an update with what the student loan Ombudsman is able to help you with. That is good information for people wondering whether they should contact that office.
715	Speaking of flavor, I can’t believe I’m giving away my caper brine secret; but I decided it’s just too good to not share. The little splash of salty goodness does something that’s easier to taste than explain. Anyway, if you like shrimp and LOVE garlic, I hope you give this fast and delicious recipe a try soon.
716	Charming Charlie was founded in 2004. Company officials said earlier all of the stores slated for closures were considered underperforming. The closures are the latest among national retailers as they struggle to compete with the growing trend of online shopping.
717	The nervous system has many types of sensory neurons. Nerve endings on one end of each neuron are encased in a special structure to sense a specific stimulus. 1  Chemoreceptors sense chemicals. 2  The olfactory bulb that monitors your sense of smell has chemoreceptors that sense odors (chemicals in the air).
718	Mountain Lion Tracks and Sign Includes photos of tracks, scat, marking and feeding signs Home | About Us | How to Participate | Biodiversity Modules | Projects | Maps | News | Resources. Where they live: Other than humans, cougars are the most widely distributed land mammal in the Western Hemisphere.
719	The most common and productive type of diamond mining, pipe mining, is a type of open-pit mining; therefore it involves similar techniques and environmental stresses as other types of open pit mining, in which large amounts of rock and materials, called overburden, are removed to allow access to the diamonds.n addition, diamond mining faces challenges relating to energy use and emissions which can contribute to the global climate change. In certain parts of Sierra Leone and other diamond-rich west African regions, there is little infrastructure in place to enforce whatever environmental regulations may exist.
720	When home sales slow, good comps age fast. Add foreclosures and short sales to the mix and appraisals can run all over the map. The Home Valuation Code of Conduct, or HVCC, that went into effect last May has compounded the problem. The HVCC prohibits Fannie Mae and Freddie Mac lenders from having direct contact with appraisers.
721	How fast can the human heart beat is a fascinating topic full of interesting facts. The human heart generally beats 60 to 80 times a minute, though anywhere between 60 and 100 beats per minute is considered normal, according to the Heart Rhythm Society. The heart beat increases during exercise, up to 160 to 180 beats per minute.
722	Mike Bettes included one of his college textbook as a prop for the set of his new evening “Weather Underground” show debuting at 6 p.m. Monday, August 24, 2015. By RODNEY HO/ rho@ajc.com, originally filed Thursday, August 20, 2015. The Weather Channel is hoping to take advantage of the nerdy hipness of its sister operation Weather Underground by creating a branded evening show under that name hosted by Mike Bettes. “Weather Underground” debuts Monday, August 24 from 6 to 8 p.m.
723	Compared to their British counterparts, the American type golden retrievers are less stocky and lankier. At the height of the shoulders, the average height of males range from 22 to 24 inches or 58 to 61 centimeters. For females, the average height is 21.5 to 22.5 inches or 55 to 57 centimeters.
724	This entry was posted in Advice for actors and tagged Actor Headshots, Cost of headshots, Headshot Photographers, Headshots, Headshots for Actors, How much do headshots cost, How much should I pay for headshots, http://www.kitpictures.com, Kit Pictures, Los Angeles Headshots, New York Headshots. Bookmark the permalink.
725	Exponents are supported on variables using the ^ (caret) symbol. For example, to express x 2, enter x^2. Note: exponents must be positive integers, no negatives, decimals, or variables. Exponents may not currently be placed on numbers, brackets, or parentheses.
726	Thyroid Cancer Treatment Option Overview There are different types of treatment for patients with thyroid cancer. Different types of treatment are available for patients with thyroid cancer. Some treatments are standard (the currently used treatment), and some are being tested in clinical trials.
727	Experian scores in the lower 600s have been approved, but the limits are lower and the maximum interest rates are charged. Those with mid-600s scores, and especially those with Experian scores of 700 or higher are more likely to qualify for Dell financing, and also obtain this line of credit at a decent interest rate. Obtaining financing from Dell requires a solid financial standing and a fair credit score.
728	Numerology. 1  Chaldean Numerology. The numerical value of pictographs in Chaldean Numerology is: 9. 2  Pythagorean Numerology. The numerical value of pictographs in Pythagorean Numerology is: 6.
729	1 Earned Income Tax Credit (EITC) puts cash back in your pocket and will locate help to file your Income Taxes.  Illinois Welcoming Centers - offer many state, community, health, employment training, and educational services in one location.
730	Holly bush leaves can suffer from various diseases. The most common are Honey Dew Fungi, Tar Spot, Spine Spot, Bot Canker and Iron Chlorosis. Honey Dew Fungi grows in humid soil; this disease makes the leaves wilt and fall off. Toadstools will begin to form around the base of affected bushes.
731	The question relates to those chicks that have fledged, and at what age they should be removed from their parents. My reply is always when they are ready.. Canary chicks usually fledge at anything from 17-24 days. Much will depend upon how well they have been fed, and on how many chicks there are in each nest.I find that broods of three, four or five chicks tend to fledge much earlier than if there is only a single or couple of chicks in the nest.any books suggest you remove the chicks at 21 days of age. My advice is to simply allow the birds to tell you when they are ready, which is when you see them eating soft food for themselves, at every new feed.
732	Enjoy A FREE Preview of DIRECTV HD EXTRA PACK Feb. 23 Through Mar. 1. From February 23rd to March 1st, you can test out the nine premium high definition networks included in the DIRECTV HD EXTRA PACK—everything from history specials and documentaries, to crime dramas, classic movies, live music and more! Enjoy A FREE Preview of DIRECTV HD EXTRA PACK Sept. 1–7.
733	You can also send your buyer a revised invoice if the buyer purchased additional items from you after the initial purchase. The option to send an invoice or a revised invoice expires 30 days after the listing ends. To send your buyer an invoice: Go to My eBay > Sold or Seller Hub > Orders. Find the item for which you want to send an invoice. From the Actions drop-down menu, select Send Invoice. Specify details such as shipping and handling, tax, and available payment methods.
734	Definition of erode for English Language Learners. : to gradually destroy (something) or to be gradually destroyed by natural forces (such as water, wind, or ice)
735	Sardonyx is a variant in which the colored bands are sard (shades of red) rather than black. Black onyx is perhaps the most famous variety, but is not as common as onyx with colored bands.gate and onyx are both varieties of layered chalcedony that differ only in the form of the bands: agate has curved bands and onyx has parallel bands. The colors of its bands range from white to almost every color (save some shades, such as purple or blue).
736	Fortunately, many vegetables, such as broccoli and bok choy, which are high in iron, are also high in vitamin C so that the iron in these foods is very well absorbed.Commonly eaten combinations, such as beans and tomato sauce or stir-fried tofu and broccoli, also result in generous levels of iron absorption.ortunately, many vegetables, such as broccoli and bok choy, which are high in iron, are also high in vitamin C so that the iron in these foods is very well absorbed.
737	From the beginning of the 13th century, there is a rigidly fixed norm, often called Classical Modern Irish, which, for over four centuries, was used as the exclusive literary medium in Ireland and in Gaelic-speaking Scotland (there is no evidence for the Isle of Man).
738	there are many factors that can affect a person s height and growth such as their environment lifestyle and genes the average height of an american woman is around 64 3 inches or 163 5 cm but when do girls stop growing there are many factors that can affect a person s height and growth such as their environment lifestyle and genes the average height of an american woman is around 64 3 inches or 163 5 cm
739	Cornerstone has exceeded my expectations. The SPT course was so much more than just going through the motions. Lab time was structured in such a way to give me time to think. The class was structured to fit my learning style which is learn by example. I would recommend this institution to anyone.
740	Heredity and environment influence growth and development in a wide variety of ways that scientists and child development psychologists do not always agree about. Heredity ref … ers to genetics, and the common nature versus nurture debate is a heated one.16 people found this useful.nswer by Answers Publisher. Confidence votes 261K. Heredity influences human behavior by the passing on of genes from a parent to its offspring for example eye color or hair color. Environment influences behavior in a harder to define way for example patterns of behavior children notice and copy.
741	The City of Huntington Beach is located along the Southern California coast in Orange County, 35 miles south of Los Angeles and 90 miles north of San Diego.
742	In these patients walnut allergy is the consequence of cross-reactivity between pollen allergens and similar proteins in vegetable foods. This kind of food allergy is generally mild: in most cases oral allergy syndrome (OAS) is the only consequence of the ingestion of offending food.
743	Phone Number of Rue La La is +1 (617) 695-7300, Fax: (617) 695-7388 . Rue La La is an invitation only online store that sell products of various brands in different categories mainly clothing at members only prices. It sells best of the best products in women's and men's fashion, kids, home, travel and others.
744	Jerusalem, Israel. Jerusalem is the capital city of Israel. Jerusalem is considered a holy city to Jews, Muslims, and Christians alike. The city is important to Christians and Jews because many important biblical events are said to have taken place in Jerusalem (both religions believe the Old Testament).
745	1. provides energy for kidneys to form glucose. removes waste from digestion of proteins. 2. insulin production by the pancreas controls blood sugar levels. 3. water is excreated in the form of sweat and evaporation of sweat leads to cooling/ temperature regulation. 4. excreation of water (and salts) through sweat and urine maintains equilibrium of fluid levels.
746	The costs to replace an employee vary by their earning level, so training costs also vary. The Sasha Corporation averaged the results of 15 studies that determined average costs to replace an $8 per hour employee, determining an average cost of $9,444.47 per turnover.Even when the 33 percent of estimates with the highest prices were removed from calculations, replacement costs were $5,505.80 per turnover.ariables-Skill Set. No two positions and no two employees are alike, and a wide number of differences in applicants' skills and the demands of the position can impact the cost of training. For example, workers, such as warehouse hands may be trained quickly on the job.
747	New Ford Rust Issues. I washed my truck over the weekend, and gave it the full on detail. I discovered a number of rust issues that my dealer has confirmed that I am the 5th customer to report the issue at their service dept.The bottom of ALL 4 doors, along the inside lip are beginning the bubbling process of corrosion beginning. discovered a number of rust issues that my dealer has confirmed that I am the 5th customer to report the issue at their service dept. The bottom of ALL 4 doors, along the inside lip are beginning the bubbling process of corrosion beginning.
748	Petit or trial jurors are on-call for a one month term of service or occasionally longer depending on the court's jury needs. This does not mean that you will serve on juries for an entire one month period.
749	Maplewood, New Jersey. Maplewood is a suburban township in Essex County, New Jersey, United States. As of the 2010 United States Census, the township's population was 23,867, reflecting a decline of 1 person (0.0%) from the 23,868 counted in the 2000 Census, which had in turn increased by 2,216 (+10.2%) from the 21,652 counted in the 1990 Census. 1 History.
750	However, this takes a bit and it's probably better to call the number that came with the phone. If you don't want to deal with customer service or don't feel like waiting, there are a couple for basic tasks you can do from your phone: 1  Check Balance - * 611. 2  Check voice mail - * 86. 3  Make a payment - #768.
751	A contract administrator ensures all parties to an agreement are fulfilling their obligations. The role of a contract administrator may include renegotiation of terms. Ensuring complainance with a contract is a job of a contract administrator.Experience and ability to manage complicated contract structures are both important for a contract administrator.dorable animal families that will make you aww. A contract is an agreement between two parties or entities for the exchange of goods, services or money. A contract administrator makes sure the parties employ due diligence to comply with the terms, conditions, rights and obligations of the contract.
752	contrived or arranged by agreement; planned or devised together: a concerted effort. 2. done or performed together or in cooperation: a concerted attack. 3. Music. arranged in parts for several voices or instruments. Origin of concerted.
753	The reimbursement is always income. The question is whether or not the purchase is an expense. If the purchase is an expense, then. The reimbursement is income which is offset by the purchase and the net on your taxes is $0. If the purchase is not an expense, then. The reimbursement is income and you pay taxes on it.
754	Lady Antebellum is a country music trio composed of Hillary Scott, Charles Kelley and Dave Haywood. These three country music artists joined forces in 2006 in Nashville, and after spending several months performing at local music venues, Lady Antebellum secured a recording contract with Capitol Records Nashville.
755	The tidal elevation at Sewells Point (see Sidebar) was 7.01 ft above mean sea level. (The more commonly cited figure is 9.8 ft., but this is above mean low tide, and the reference standard has recently been changed, as noted in the sidebar).
756	The name Olivia is a Spanish baby name. In Spanish the meaning of the name Olivia is: Olive. Swedish Meaning: The name Olivia is a Swedish baby name. In Swedish the meaning of the name Olivia is: Olive.American Meaning: The name Olivia is an American baby name. In American the meaning of the name Olivia is: Olive.Latin Meaning: The name Olivia is a Latin baby name. In Latin the meaning of the name Olivia is: Olive: symbol of peace. Shakespearean Meaning: The name Olivia is a Shakespearean baby name.In Shakespearean the meaning of the name Olivia is: Twelfth Night', also called 'What You Will' A rich countess.he name Olivia is a Swedish baby name. In Swedish the meaning of the name Olivia is: Olive. American Meaning: The name Olivia is an American baby name. In American the meaning of the name Olivia is: Olive.
757	In the list select HP Support Assistant and click on uninstall, once the uninstall is done, reboot your machine and download the latest software from the below link and reinstall.This should reslve the HPSF.exe has stopped working.
758	Definition. A low hemoglobin count is a commonly seen blood test result. Hemoglobin (Hb or Hgb) is a protein in red blood cells that carries oxygen throughout the body.In many cases, a low hemoglobin count is only slightly lower than normal and doesn't affect how you feel.f it gets more severe and causes symptoms, your low hemoglobin count may indicate you have anemia. A low hemoglobin count is generally defined as less than 13.5 grams of hemoglobin per deciliter (135 grams per liter) of blood for men and less than 12 grams per deciliter (120 grams per liter) for women.
759	Best Answer: There's not age limit at all! Any time and age is great to sign up for lessons! Getting to the olympics- that's a different matter. But 13 isn't too late to start skating. Heck, I'm a little older than you and I just started 7 months ago, and am working on axels/doubles. This all depends where you sign up.
760	Cells are the building blocks of life. All living organisms are made up of cells. The cells were discovered by Robert Hooke in 1665. In the human body there are about 100 trillion to 1014 cells. hey are made up of a single cell. O rganisms like the amoeba, P aramecium are single-celled organisms, they are the oldest forms of life, they existed about 3.8 million years ago. Bacteria, a rchaea, protozoa, unicellular algae and un i cellular fungi are the main groups of unicellular organisms.
761	John Francis Kelly (born May 11, 1950) is the fifth and current United States Secretary of Homeland Security. He is a retired United States Marine Corps general and the former commander of United States Southern Command, the Unified Combatant Command responsible for American military operations in Central America, South America and the Caribbean.
762	How to Tell a Piebald. The piebald gene is recessive, meaning you could find a piebald puppy in a litter produced by two nonpiebald parents. A piebald's markings are always perfectly mirrored from one side of its body to another. If a white dachshund has spotting over one eye, one or more blue eyes or random markings on its body, it is a double dapple, which is a variation of the merle pattern.
763	Click to expand... As noted above I do not think you can, @EriCal -- it is a bummer for now. My car lacks TACC but I can see reasons to disable it (directing that comment @ecarfan) You'd wonder why to disable it-- and for the OP who is in SoCal I'd say prob not necessary. However, here in Ohio the problem often comes from weather.
764	National Bowling Championship Happening In North Texas. GARLAND (CBS11 SPORTS) – This week, the US Open is rolling through Garland. One of four major professional bowling tournaments each year, it’s being held in North Texas for the first time since 1976. An interesting field has assembled at the AMF Bowling Center.
765	Weight loss is achieved by reducing the size of the stomach with a gastric band or through removal of a portion of the stomach (sleeve gastrectomy or biliopancreatic diversion with duodenal switch) or by resecting and re-routing the small intestine to a small stomach pouch (gastric bypass surgery).he costs of bariatric surgery depend on the type of procedure performed and method of payment along with location-specific factors including geographical region, surgical practice and hospital in which the surgery is performed.
766	Greek Letters and Their Names. When you are working with geometry and trigonometry, you will see a lot of Greek letters. It will be helpful to know how the names of these letters are spelled and pronounced. Name
767	To be successful in Straightness training it is important to know and to understand these horse characteristics. 10 Important Horse Characteristics. Here are 10 characteristics of the horse we need to take into account when a horse comes into our lives: 1. The horse is a herbivore and feeds on mainly grasses, herbs, vegetables, and water. 2. The horse is a prey animal for predators and his best defense is to flee. 3. Therefor he is also called a flight animal. The horse can reach a very high speed when galloping. 4. The horse is a herd animal.
768	Binge drinking (alcohol), Decreased appetite, Enlarged or swollen glands and Fatigue. WebMD Symptom Checker helps you find the most common medical conditions indicated by the symptoms binge drinking (alcohol), decreased appetite, enlarged or swollen glands and fatigue including Mononucleosis, Depression (Adult), and Tuberculosis.
769	He was the middle of three children, with an older brother, Michael Earl Micah Sparks (1964–present), and a younger sister, Danielle Dana Sparks (1966–2000), who died at the age of 33 from a brain tumor. Sparks has said that she was the inspiration for the main character in his novel A Walk to Remember. He was raised Roman Catholic, and is of German, Czech, English, and Irish ancestry. He and his ex-wife are Catholics and are raising their children in the Catholic faith.
770	The good: This food is very low in Saturated Fat, Cholesterol and Sodium. It is also a good source of Dietary Fiber, Vitamin C, Potassium and Manganese, and a very good source of Vitamin B6. The bad: A large portion of the calories in this food come from sugars.
771	The nuclear arms race was a competition for supremacy in nuclear warfare between the United States, the Soviet Union, and their respective allies during the Cold War.uring this period, in addition to the American and Soviet nuclear stockpiles, other countries developed nuclear weapons, though none engaged in warhead production on nearly the same scale as the two superpowers.
772	Artero Cuchilleria cuchillería was founded in 1909 In manresa By Pascual, artero great-grand father of the actual directors of the: Business alex And Edu. Artero the original business was based on the sales of tools for shearing large animals such as cows and. sheephe original business was based on the sales of tools for shearing large animals such as cows and sheep. Artero is now a reference in the sectors of animal grooming, hairdressing and kitchenware, as both manufacturers and distributors.
773	One easy and convenient alternative is protein powder. However, there are several types of protein powders on the market today. It is important to understand which supplements are safe to use during pregnancy.
774	* Updated Wednesday, January 17, 2018 4:10:22 pm Glendale time - Weather by CustomWeather, © 2018 14 day forecast, day-by-day Hour-by-hour forecast for next week Yesterday's weather
775	Mr. Zyman and company test a new, sweeter version of the flagship cola with 190,000 nationwide taste tests at a cost of $4 million. At a bottlers' meeting in Atlanta back on April 22, 1985, Mr. Zyman announced from the stage that Coke was changing its taste.dvertising Age's coverage of New Coke from July 15, 1985. Still smarting from the 1975 Pepsi Challenge taste-test battle, Coca-Cola Co. launches Project Kansas, a top-secret mission to reformulate Coke.
776	This group is the next level of customer service, and should be able to get you fixed up. When you contact them, you'll never be able to talk to someone right then. That's OK, though, because if you leave your email address and daytime phone number, a member of the group will email and call you back promptly.
777	The Stark County Rebels are nominated again for HOMETOWN HEROES on FM95 radio against Knoxville and Farmington. They lost several weeks ago when nominated. You can vote online once a day at www.FM95online.com or you can sign a voting sheet.
778	Choose your grass. Take your time selecting a grass species. Lawn care will be much easier if the grass is suited to your climate, soil type, and use patterns. Research the specific species, not just cool season or warm season grass.erate your yard in fall or spring. Once a year, remove plugs of soil using a lawn aerator with ½ in (1.25 cm) diameter tines. Remove them to a depth of 3 inches (7.5cm), passing over the lawn until you have about 8 plugs per square foot (88 per square meter). This fights soil compaction, disease, and thatch buildup.
779	8 than the average faculty salary. 8 While the average full-time faculty salary increased by only 10% over the last decade, the average salary for managers and supervisors increased by 24%.These differential changes have resulted in a widening gap between the salaries of faculty and administrators over the last decade.5 In 2014, retired Fresno President, John Welty, received a salary of $148,752 for activities that were * In 2004, the average full-time salary for a manager/supervisor was $85,604 and the average full-time salary for a faculty member was $58,723.
780	From Wikipedia, the free encyclopedia. Savant syndrome is a condition in which a person with a mental disability, such as an autism spectrum disorder, demonstrates profound and prodigious capacities or abilities far in excess of what would be considered normal.his syndrome is rarer, with a study by Darold Treffert in 2010 showing that in a registry of 319 known savants, only 32 had acquired savant syndrome.
781	CSB Investigators Deploying to Explosion at Packaging Corporation of America plant in DeRidder, Louisiana Washington, DC, February 9, 2017 – A three-person investigative team from the U.S. Chemical Safety Board (CSB) is deploying to the scene of an incident that killed three workers and reportedly injured seven on Wednesday, February 8 at the Packaging Corporation of America (PCA) plant in DeRidder, Louisiana.
782	Income tax: 4.63% flat rate. 1  Sales tax: 2.9% - 10.4%. 2  Property tax: 0.63% average effective rate. 3  Gas tax: 22 cents per gallon of regular gasoline, 20.5 cents per gallon of diesel.
783	Start your search by typing in the business name below. North Bethesda Us Bank. YP - The Real Yellow PagesSM - helps you find the right local businesses to meet your specific needs. Search results are sorted by a combination of factors to give you a set of choices in response to your search criteria.
784	How to pronounce antimacassar in American English. (English pronunciations of antimacassar from the Cambridge Advanced Learner’s Dictionary & Thesaurus and from the Cambridge Academic Content Dictionary, both sources © Cambridge University Press).
785	Expert diagnostic insights… delivered in a way that puts the care back in healthcare. This is our commitment, reflected in every service we provide at every Larchmont Medical Imaging facility. We’re fully equipped with the advanced imaging methods to give you and your doctor the diagnostic answers you need.
786	Clutch Master Cylinder replacement & repair made easy. Low cost clutch master cylinder replacements at your home or office. Get a free quote and book online with one of our mobile mechanics today.
787	Wildflower Uses. Many wildflowers are edible, used in medicines, or both. For example, the wildflower Foxglove is the plant a hybrid was bred from for the heart medicine digitalis. The Wild Plum is the tree that most hybrid commercial plum trees came from.
788	Reading body language of a hug. Reading the body language when giving or receiving a full hug. A full hug is what you see goods friends or people who are in a relationship give. The body language or non verbal cues come from the proximity or distance apart that the people are when giving a full hug.
789	&COPY; Reed Group Displacement of a cervical intervertebral disc refers to protrusion or herniation of the disc between two adjacent bones (vertebrae) of the cervical spine in the neck (vertebrae C2 through C7). Note that there is no disc between the skull and C1 or between C1 and C2.
790	1 Medullary canal. 2  Medullary canal. 3  medullary cancer of thyroid. 4  medullary carcinoma. 5  medullary carcinoma. 6  medullary carcinoma. 7  medullary carcinoma of breast. 8  medullary carcinoma of pancreas. 9  medullary carcinoma of the kidney. 10  medullary carcinoma of thyroid.
791	Check out the following Teen Tech Week related events! Check back often for updates! Google Code-in, Nov. 28, 2017 - Jan 17, 2018 Hour of Code, Dec.… Check out the following Teen Tech Week related events! Check back often for updates! Google Code-in, Nov. 28, 2016 - Jan 17, 2017. Hour of Code, Dec. 5 - 11, 2016. February 23, 2017: Digital Learning Day (#DLDAy)
792	A. There is no set definition of the term independent contractor and as such, one must look to the interpretations of the courts and enforcement agencies to decide if in a particular situation a worker is an employee or independent contractor.ince different laws may be involved in a particular situation such as a termination of employment, it is possible that the same individual may be considered an employee for purposes of one law and an independent contractor under another law.
793	Titanium Dioxide (TiO2) Powder Chemical Abstract Service Numbers: 1  CAS# 12137-20-1 Titanium monoxide (TiO) 2  CAS# 1317-70-0 Titanium dioxide (TiO2) (Anatase Grade) 3  CAS# 13463-67-7 Titanium (IV) oxide (Titania)
794	According to the Bureau of Labor Statistics, the mean annual salary for all carpenters, the category that includes frame and bridge specialists, was $44,520 in 2012. The median rate worked out at $39,940 per year with the bottom and top 10 percent earning $24,880 and $72,580 per year respectively. The mean hourly rate for this job was $21.41; the median rate was $19.20 per hour. The lowest 10 percent earned $11.96 per hour and the highest 10 percent earned $34.90 per hour.
795	Your child will learn to read and construct sentences from a random presentation of the words of these 50 sentences containing 388 words: Spelling Sight Words - Lessons 14 to 100. Your child will learn to read and spell the 74 words from the Sight Words exercise using the keyboard during 261 total presentations.
796	Reliable data on how many people get head lice each year in the United States are not available; however, an estimated 6 million to 12 million infestations occur each year in the United States among children 3 to 11 years of age.
797	Disney's BoardWalk Inn Ranked #3 overall in Walt Disney World Resort hotels. Wonderful!4.7 / 5 24 reviews. Wonderful! (24 reviews) Popular with. Of all the resorts I've stayed at in Disney World, the Boardwalk Inn is my favorite. It feels like a beach resort from the 1920s and 1930s, with whitewashed buildings, ...
798	Three Parts: Preparing for the Meeting Finding the Right Meeting For You Attending the Meeting. Going to your first Alcoholics Anonymous (AA) meeting can be challenging. You likely don’t know what to expect or you have false images about AA meetings from the media, pop culture, and other alcoholics. Some people are court ordered to go to meetings and may feel resentful about being forced to attend.
799	Our Customers From small businesses to Fortune 500 corporations, see how companies are using G Suite to work better together. Whirlpool [G Suite] is a simple solution in many ways, but the features are actually very sophisticated, e...
800	What should you know about supplemental vitamins and minerals before you head to the pharmacy? What should you know about iron, calcium, fluoride and combination multivitamins for infants and children? Most children do not need supplemental vitamins or minerals. According to the American Academy of Pediatrics, a diet based on the food guide pyramid provides adequate amounts of all the vitamins a child needs.
801	For example, low personal and food hygiene due to the lack of a clean water supply may result in increased transmission of diseases by the fecal-oral route, such as cholera. Differences in incidence of such diseases between different groups can also throw light on the routes of transmission of the disease.
802	As of the 2010 United States Census, there were 259,424 people residing in the county. 66.1% were Black or African American, 18.9% White, 5.0% Asian, 0.4% Native American, 0.1% Pacific Islander, 7.1% from some other race and 2.5% from two or more races. 13.7% were Hispanic or Latino (of any race).
803	Corriente cattle are a breed of cattle descended from Spanish animals brought to the Americas in the late 15th century. The meat from Corriente is significantly leaner than the meat from most modern beef cattle. All our Corriente cattle have been raised here on our property, fed grass, and been kept in a stress free environment. Corrienties are naturally leaner than English bred cows, such as Angus or Herefords, and are a healthy alternative for those looking to cut down on their fat intake.
804	World Book Day Quotes. “ 1 Honesty is the first chapter in the book of wisdom.” – Thomas Jefferson. “ 2 The things I want to know are in books; my best friend is the man who’ll get me a book I ain’t read.” -Abraham Lincoln. “ 3 You can’t get a cup of tea big enough or a book long enough to suit me.” – C. S. Lewis.
805	In 2014, Google launched Android One, a line of smartphones mainly targeting customers in the developing world. In May 2015, Google announced Project Brillo as a cut-down version of Android that uses its lower levels (excluding the user interface), intended for the  Internet of Things  (IoT) embedded systems.
806	How Do You Know If You Have Constipation. Most of the time, people just simply know when they are suffering from constipation, but since I’m explaining constipation, it is worth stating what the symptoms of constipation are just in case you’re not sure.
807	1 Even if you don’t use a cell phone for hours each day, research has revealed that after just 50 minutes of cell phone exposure, the emitted radiation increases brain cell activity in the region closest to the cell phone antenna.
808	by Jay Behm-A very basic way to estimate the cost of building a detached garage is to simply apply a typical average per square foot construction of $30 to $40.That is for an average cost basis for having a contractor / builder build a basic one story garage for you on your property.ut for now this will get you in the ballpark of cost to build your new garage. Foundation/Slab Cost: $_____________________________________. The most reliable method for rough cost estimating of concrete foundation and slab work is to contact a local concrete contractor-one who specializes in this work.
809	Sony Playstation Contact Support Number, Customer Service, Phone Help. 07/12/2015 by Customer Service Number Helpline 1 Comment. Hey Guys !! In this article we are going to provide lots of valuable information for Playstation lovers who are living in Canada.
810	The diegesis of a narrative is its entire created world. Any narrative includes a diegesis, whether you are reading science fiction, fantasy, mimetic realism, or psychological realism. However, each kind of story will render that time-space continuum in different ways.
811	5 comments… add one. 1  Nice, thank you. 2  Thank you so much for this website! 3  what a website for these latin and greek words.Thank you so much for this website!  This really helped!
812	In many electronic circuits series resistors are used to get a different voltage across one of the resistors. We'll look at those circuits, called voltage dividers, in a short while. Here's the circuit diagram for a voltage divider.
813	Diamond clarity is a quality of diamonds relating to the existence and visual appearance of internal characteristics of a diamond called inclusions, and surface defects called blemishes. Clarity is one of the four Cs of diamond grading, the others being carat, color, and cut.IA, as a matter of policy, does NOT grade clarity-enhanced diamonds but it will grade laser-drilled diamonds since it considers the enhancement to be permanent in nature. If you see a GIA Diamond Report with the words clarity enhanced or fracture-filled, it is surely a counterfeit report.
814	! Requires oxygen ! Glucose used as fuel without being converted to lactic acid ! Can supply energy for hours ! Fat and protein can be used as fuel. ! Glucose and fat are the 2 major fuels used to make ATP.
815	Related to John P Todd I, Emily Kathryn Todd, Julie O Todd View Full Report Premium Result Premium results may include criminal records, bankruptcies, property records, and more.
816	BY Grace Gerard on September 15, 2016 | 4 comments. Related : General Hospital, Soap Opera, Spoiler, Television. ‘General Hospital’ spoilers indicate that Bryan Craig [Morgan Corinthos] has quit and is exiting the daytime drama. The report that Bryan is leaving comes hot on the heels of ‘GH’ spoilers that Tyler Christopher [Nikolas Cassadine] isn’t returning and his role will be recast.
817	Retrograde ejaculation is a condition in men where semen enters the bladder instead of leaving the body through the penis. Normally, when a man ejaculates, semen is propelled down through the urethra and out of the body.
818	Also, Government employees who pay only the HI portion of the FICA tax are only. insured for HI; they are not insured for monthly social security benefits. State and local Government employees hired after March 31, 1986, are eligible for. Medicare coverage and must pay the HI portion of the FICA tax. A State may elect to. cover employees hired prior to April 1986 for the Medicare portion of the FICA tax by.
819	A 1/2 AL AIC Schools in special measures in England and Wales When a school goes into special measures there can be a considerable impact on the working conditions of teaching and support staff.This factsheet looks at why a school is placed in special measures and addresses the key concerns of its staff. Her Majesty’s Inspectorate (HMI) team will conduct their first monitoring visit within four to six months of the school being judged as requiring special measures.The HMI report may, depending on what progress has been made, recommend that the school be taken out of special measures.
820	For example, the average PT salary in the nation's top-paying state, Nevada, is $127,900; by contrast, the average salary in the lowest-paying state, Montana, is $69,590.
821	Offers/Upgrades. Upgrade your 3-Day Park Hopper®: You may upgrade your 3-Day Park Hopper® ticket to another ticket of equal or greater value. Your ticket must be upgraded before the completion of your third visit to the Disneyland® Park. You must purchase your upgrade at Disneyland® Park. For 2017 Southern California CityPASS, a credit of $315 for ages 10+ and $303 for ages 3-9 will be applied toward another ticket of equal or greater value.
822	Cheyenne (/ʃaɪˈaen/ ʃaɪˈæn-SHY an /or/) (ʃaɪˈɛn: Arapaho'hitesiino') hítesííno oowu óowú is the capital and most populous CITY of the Us state of wyoming and the County Seat. Of laramie county it is the principal City, Of, The Cheyenne Wyoming metropolitan statistical area which Encompasses All. of laramie county
823	Farming was very important for the civilizations of the Americas. Both the Aztecs and the Incas were excellent farmers, despite having no animals suitable for pulling plows or carrying heavy loads. Llamas were native to the Andes, but they could only carry small loads. In Mesoamerica, there were no pack animals at all.
824	The sedimentation rate (sed rate) blood test measures how quickly red blood cells (erythrocytes) settle in a test tube in one hour. The more red cells that fall to the bottom of the test tube in one hour, the higher the sed rate.
825	The problem for sociologists is that these concepts of the individual and society and the relationship between them are thought of in terms established by a very common moral framework in modern democratic societies, namely that of individual responsibility and individual choice.
826	Answers from Sheldon G. Sheps, M.D. Yes. If you have a diastolic number — the bottom number of a blood pressure measurement — less than 90 millimeters of mercury (mm Hg) and a systolic number — the top number of a blood pressure measurement — greater than 140 mm Hg, you have a common type of high blood pressure called isolated systolic hypertension.
827	This paper examines the impact of timber trade liberalisation on. economic welfare and forest conservation in Sri Lanka. A partial equilibrium. market simulation model was used to analyse the welfare impacts. Results. show that removal of all border charges reduce timber price by about 25%.
828	Technology Capabilities are conceptual-level elements that capture what technology does. This tutorial introduces Technology Capabilities and describes how to capture them in Essential Architecture Manager. Technology Capabilities are Conceptual View elements that define WHAT technology can do. These often have quite abstract names but it is important that they do not imply any particular class of technology or products.
829	Then, $120,000 a year was the median amount Americans said they would need to make in order to think of themselves as rich. According to the U.S. Census Bureau, the median annual household income in the United States is roughly $50,000 per year. The Gallup poll finds those below that level typically saying they would need to earn $100,000 or more in annual income to be rich.
830	The state budget agreement reached by Gov. Andrew Cuomo and legislative leaders increases funding for Catholic and other religious and independent schools by $13.5 million over the governor’s proposed budget released in January.
831	The City of Benton Kansas. 1  Welcome to the official website for the City of Benton, Kansas. We are located in Butler County Kansas approximately 9 miles northeast of the City of Wichita, 5 miles north of the City of Andover, and 12 miles west of the City of El Dorado. Benton was established in 1909 and is currently growing with a population of approximately 900 people.
832	Research shows that the hormone testosterone does impact sex drive — as well as remedy other sexual problems — in certain women with sexual dysfunction. But the long-term safety of testosterone therapy for women is unknown. For this reason, some doctors are hesitant to recommend it.
833	Leeds phone numbers. 01132 numbers, 01133 numbers, 01134 numbers and 01138 numbers are all part of the 0113 area code for Leeds and the surrounding area. Leeds has had the area code 0113 since the year 1995. This is followed by a seven-digit local number.K Area Codes and Phone Number Information. 01132 numbers, 01133 numbers, 01134 numbers and 01138 numbers are all part of the 0113 area code for Leeds and the surrounding area.
834	At first glance, it might seem that if a system has a high availability then it should also have a high reliability. However, this is not necessarily the case. This article will explore the relationship between availability and reliability and will also present some of the specified classifications of availability.
835	Bhutan is located in the Himalayan Mountains between India and China (Figure 1). The ethnically Nepali, Nepali-speaking Bhutanese, or Lhotsampas (“People of the south”), are a largely Hindu people who moved from Nepal to Bhutan.
836	The BEHR Premium 1-Part Epoxy is a high-performance, ready-to-use, water-based floor paint that resists hot tire pick-up and marring. The finish is highly resistant to chemicals, oil and gasoline, which reduces the need for maintenance of hard-to-clean interior or exterior floors.
837	Latest Federal Reserve News: [ 1 Tue @ 3:00 pm] Federal Reserve Board permanently bars former employee of Four Oaks Bank and Trust Company from the banking industry. Federal Reserve Board permanently bars former employee of Four Oaks Bank and Trust Company from the banking industry….
838	Hydrodynamic dispersion includes both mechanical dispersion and molecular diffusion spreading out the solute in direction of flow (longitudinal dispersion) and perpendicular to it (transverse dispersion). Hydrodynamic dispersion in flow direction is expressed by Eq. (2):(2).he product of longitudinal dispersivity and advective velocity is known as mechanical dispersion described in the previous paragraph. 3.4. The Peclet Number. At a low solute velocity, diffusion is an important contributor to the hydrodynamic dispersion.
839	Window air conditioners are portable, but they are heavy and can't be rolled to another room. In most cases, you'll leave a window air conditioner in the window. If it's not a reverse cycle air conditioner, you might remove it during the cooler months, but you may need two people to carry the unit.
840	On Ethiopian Airlines, customers may bring 2 pieces of checked luggage on their journey with them, free of charge. If flying in Economy class, the weight limit for each piece of baggage is 50 pounds whereas that limit is 70 pounds if flying in Business class (called Cloud Nine on Ethiopian). Any additional pieces of luggage will cost $150 each. Ethiopian has a lenient carry-on policy.
841	Below are eye symptoms to look out for: 1  Pressure behind the eye sockets and sometimes blurry vision may point towards the disorder. 2  An increase in sensitivity to light, constant watery eyes and straining that is not associated to any eye problems are common TMJ symptoms.
842	Trading symbol. All companies listed on the New York Stock Exchange (NYSE), the American Stock Exchange (AMEX), or the NASDAQ Stock Market are represented by a unique combination of one to five letters of the alphabet.ome, but not all, trading symbols are easily associated with their companies, such as GE for General Electric or YHOO for Yahoo!. Sometimes, the exchange trading symbol varies slightly from the way the company is designated on the ticker. 1  Facebook.
843	This compendium is limited to the negotiations phase of. settlements (which includes client counseling). These Guidelines do not. address the enforcement of settlement agreements or requests for. sanctions for conduct in settlement negotiations.
844	The Santa Clara Motel is just two blocks from the ocean, and 100 feet from Mission Bay. To view a map of this location, please click here. We look forward to assisting with your housing needs.
845	To raise a child born in 2013 to the age of 18, it will cost a middle-income couple just over $245,000, according to newly released estimates from the U.S. Department of Agriculture. That's up $4,260, or almost 2%, from the year before.Estimates can vary widely depending on where you live and how much you earn.elated: 'The most surprising cost of raising my kid'. Child care, in particular, is a huge burden -- often costing as much as the family home. In 2012, center-based care for one infant was greater than median rent payments in nearly half of the states, according to Child Care Aware of America's most recent report.
846	don't be afraid...you will be downloading a zipped file. A zipped file is simply something that contains several other files. When you finish downloading it just right click on the file and go to extract. Then its done..It won't delete any files from your computer.
847	A plain cup of brewed coffee has less than 5 calories — and no fat. But if you dress up your coffee with extras, whether at home or your favorite coffee shop, you also add extra calories. See how many calories these extras can add to your coffee: Sugar: 16 calories for 1 teaspoon (4 grams) Heavy whipping cream: 101 calories for 2 tablespoons (1 ounce, or about 30 milliliters) Half-and-half: 37 calories for 2 tablespoons (1 ounce, or about 30 milliliters)
848	1975 Martha Avenue, Suite A / Idaho Falls, ID 83404 (208) 522-6930. 2. The Procedure. Anterior Cervical Discectomy is typically performed to relieve pain, numbness, and/or. weakness that may be associated with cervical disc disease, spurs, and/or pressure on the nerves. and/or spinal cord.
849	1 To provide short-term ventilatory support: Appropriately applied IPPB therapy improves the distribution of ventilation in patients with ventilation-perfusion mismatch, and has a great potential for decreasing the incidence of postoperative atelectasis and pneumonia.
850	Leadership of the organization, newly-elected every four years, establishes the theme, focus and direction of the sorority's international program which is implemented at the local, national and international level.
851	It might be that he or she will not want to do the work if the healing will be compromised. This is something that you and the artist will have to deal with. No matter how eager you are to go ahead with the tattoo, the artist has to think of the possible consequences for both of you if things go wrong. Some people worry about infections or HIV. Going only to a reputable shop will reduce the likelihood of that to the bare minimum.
852	The Low GI Symbol is a powerful tool consumers can trust to quickly and reliably make healthy food choices. Find out more here. The Low GI Symbol is a powerful tool consumers can trust to quickly and reliably make healthy food choices.
853	1. The sum of the open currency spot position and the open currency forward position, being the measure of the foreign exchange risk. 2. The open currency position is the difference between balance assets and liabilities in foreign currency plus the forward (conditional and unconditional) forex purchased and sales.The open currency position is the measure of the foreign exchange risk. Related position codes are: 1. Open currency position per CCY. 2.. The open currency position is the difference between balance assets and liabilities in foreign currency plus the forward (conditional and unconditional) forex purchased and sales. The open currency position is the measure of the foreign exchange risk. Related position codes are: 1. Open currency position per CCY. 2.
854	Dizziness, Fatigue, Headache and Muscle weakness. WebMD Symptom Checker helps you find the most common medical conditions indicated by the symptoms dizziness, fatigue, headache and muscle weakness including Middle ear infection, Lack of exercise, and Hypocalcemia. There are 136 conditions associated with dizziness, fatigue, headache and muscle weakness.
855	The Step-up-as the name implies-is nothing more complex than stepping up onto an object, then stepping back down from it. Although it is an incredibly simple exercise, there are a few things to be aware of. Factors to consider. Perhaps the most important of these is the height of the step. The basic exercise works the hips and thighs, and the step height adjust things in favour of the quadriceps or hamstrings. A higher step works the hamstrings harder, a lower step targets the quads (1).
856	Replace your basement shower and drainage system. I am not a professional plumber but i did my homework. I couldn't find a step by step on youtube so i hope someone will find this helpful. 1957 house using 3 galvanized steel sewage. Creating Shower Pan:
857	The White House responded to Donald Trump keeping 1,000 jobs in the US by dropping a huge fact bomb that showed just how little Trump has accomplished compared to President Obama. The Hill reported that Press Secretary Josh Earnest said that the White House was pleased that the jobs were staying, then he added:
858	There are certain Lights that are sold as black lights but they are actually BLB or black light blue and do not emit the proper light for many applications. We have found this to be the case with many keychain lights that only emit a blue light. All of our Black lights are True UV bulbs and are safe, long wave style.
859	Home Health. An Interview with the 1st Provider to Achieve ACHC Distinction in Palliative Care. This spring, Mountain Valley Hospice & Palliative Care became the first provider to achieve Accreditation Commission for Health Care’s newly launched Distinction in Palliative Care. For Denise Watson, MVHPC executive director, distinction has made a world of difference.
860	respiration. 1  act or process of respiring; breathing; inhaling and exhaling air. 2  the processes by which a living organism or cell takes in oxygen from the air or water, distributes and utilizes it in oxidation, and gives off products of oxidation, esp. carbon dioxide. The process of inhaling and exhaling; breathing, breath. 2  An act of breathing; a breath. 3  Any similar process, in organisms that lack lungs, that exchanges gases with its environment.
861	Indeed, the 277 move game was played in a tournament on the Internet Chess Club. Oddly enough, I found that the average length of a game (played by humans) is roughly 40 moves. Based on the statistics provided by the Chessgames database (685,801) games, the average number of moves is 40.04.
862	Step 2 - Remove the Text Block. Hover over the footer and click Edit. In the footer editor, click and drag the Powered by Squarespace Text Block into the trash icon that appears. Depending on your template, it'll look something like this:
863	Many conditions can cause sharp pain in the left side of the head. Photo Credit headache image by Jarek Miarka from Fotolia.com. Many conditions can cause sharp pain in the left side of the head. According to the Family Doctor website, migraine headaches are one of the most common causes of head pain. However, migraine headaches usually cause throbbing or dull aching pain, not sharp pain. Sharp head pain can manifest suddenly, and it can appear on one side of the head or both sides of the head. In some cases, sharp head pain can impair a person's ability to perform her activities of daily living.
864	Mr. Noll has served as Chairman of the Board of Hanesbrands Inc. since 2009, Executive Chairman since October 1, 2016, and Chief Executive Officer from 2006 to October 1, 2016. Previously in his career, Mr. Noll led the turnarounds of several Sara Lee Corporation bakery and apparel businesses, consulted for Strategic Planning Associates, and began ...
865	The human brain is a unique and complex structure; it facilitates vital and complicated physiological and psychological functions such as consciousness, mobility, emotion, and personality. Different parts of the brain are responsible for specific functions.
866	Medical marijuana business applications due March 20. Pennsylvania patients moved one step closer to access on January 17 when the Pennsylvania Health Department released applications for grower/processor and dispensary permits.
867	POSITION DESCRIPTION POSITION: Food & Beverage Manager PROPERTY: Hard Rock Hotel and Casino Sioux City DEPARTMENT: Food and Beverage REPORTS TO: Director of Food & Beverage POSITION SUMMARY The incumbent in this position is responsible for managing the food and beverage operation for
868	Within each area, the group number (middle two (2) digits) range from 01 to 99 but are not assigned in consecutive order. For administrative reasons, group numbers issued first consist of the ODD numbers from 01 through 09 and then EVEN numbers from 10 through 98, within each area number allocated to a State.
869	up vote 1 down vote. Nope, you'll have to change the SIM card to put it in an iPhone 5. The iPhone 5 uses a new SIM card format called nano-SIM, and it is not possible to convert a micro-SIM (SIM for the iPhone 4) to a nano-SIM.However, the reverse operation is possible.Adaptors exist (or will exist) to convert nano-SIM to the micro or normal SIM formats.p vote 1 down vote. Nope, you'll have to change the SIM card to put it in an iPhone 5. The iPhone 5 uses a new SIM card format called nano-SIM, and it is not possible to convert a micro-SIM (SIM for the iPhone 4) to a nano-SIM.
870	fully equipped and ready to go. This beautiful turn-key ranch is ready to move in. Here is a turn-key investment: a gas station on Forth and Main. See more words with the same meaning: business (related to). Last edited on Mar 19 2014. Submitted by Mr. Cee on Mar 19 2014. an adjective for kids who have to go home to an empty house after school, using their own key to get inHe's a turn key kid. Last edited on Apr 27 2014.
871	2. Limited Returns. Another reason that you might want to stay away from bond funds is that they offer limited returns. Bond funds are backed by bonds. A bond, by nature can only earn so much interest during its lifespan.Most of the time, the returns are not that high when you compare them to other investments.owever, here are a few reasons that you might want to stay away from bond funds. 1. No Control. One of the biggest drawbacks to investing in a bond fund is that you have no control over what happens. You buy a share into the bond fund and essentially give your money to the fund to use.
872	For slightly more aggressive cleaning (on a derailleur bike), get a chain washer and the associated solvent. Fill the washer and clamp it on, crank backwards for 30-60 seconds. Wipe with a rag. Apply chain oil.Wipe. If you're riding daily this is probably what you should use, every week or two.pply the chain oil fairly liberally (drizzle it on while cranking the chain backwards, if the bike has a freewheel), then wipe the chain with a rag (while cranking backwards). If the chain is REALLY dirty, repeat.
873	Los Gatos, CA weather and traffic updates by locals. Write your own weather report, forecast, or traffic update: Please note by clicking on Post you acknowledge that you have read the Terms of Service and the report and/or forecast you are posting is in compliance with such terms. Be respectful.
874	Here's a simple rundown of what codec packs are and when you should use them. Note: This post really applies to Windows only. Mac users have a codec pack called Perian which works great, and is useful if you want to watch videos in QuickTime or iTunes rather than VLC.
875	Erectile Dysfunction is a common condition in men with diabetes. The long term poor blood sugar control damages the nerves and blood vessels. I am not sure about Bois Bande, but when we talk about a Herbal solution, Panax Ginseng is the first herb that comes to my mind. Also known as Ginseng Korean.
876	Blue Cross Blue Shield Tower. The Blue Cross Blue Shield Tower (BCBS) is located on the north end of Millennium Park along E. Randolph Street at the NE corner of Randolph and Columbus Drive, in Chicago, Illinois, United States of America. It is home to the headquarters of Health Care Service Corporation.
877	Source: CDC, Frequently Asked Questions: AIDS Prevention and Transmission, 19 Dec. 2003, http://www.thebody.com/cdc/faq/transmissionFAQ.html Upon entering the male, HIV can spread to the rest of the body through the penis's mucosal linings.
878	Technologies that promote sustainable energy include renewable energy sources, such as hydroelectricity, solar energy, wind energy, wave power, geothermal energy, bioenergy, tidal power and also technologies designed to improve energy efficiency. Costs have fallen dramatically in recent years, and continue to fall.eat pumps and Thermal energy storage are classes of technologies that can enable the utilization of renewable energy sources that would otherwise be inaccessible due to a temperature that is too low for utilization or a time lag between when the energy is available and when it is needed.
879	iOS 9.1 has a limited number of outward facing changes. It includes support for Unicode 7 and 8, introducing a range of new emoji like...burrito, cheese wedge, middle finger...and more.
880	Prostate cancer primarily affects the male urinary and reproductive systems. Urinary problems can include difficulty starting and stopping urination or a weakened urine stream, feeling the need to urinate more than usual, blood in the urine, or a burning sensation during urination.
881	Salter Harris Fractures 4 and swelling around or near the end of a long bone. Precise diagnosis can only be certain with radiographic images (Salter, 1999, pp. 499-504). A mnemonic used to help remember the five different types of Salter-Harris fractures are given in a manual that is used as
882	Average Annual Salary. According to the Bureau of Labor Statistics, the average annual salary for payroll administrators in 2011 was $38,080. The top 10 percent earned an average of $54,580 a year, while the bottom 10 percent earned $24,050.Payroll administrators in the 25th percentile earned an average of $30,100.mployment Level by State. According to the BLS, the state with the highest employment level of payroll administrators in 2011 was California. Administrators there were paid an average annual salary of $43,430. Texas had the second most payroll administrators and paid them an average of $36,250 a year.
883	Medicare is a Federal health insurance program for people 65 years of age or older, under 65 with certain disabilities, and any age with end-stage renal disease (permanent kidney failure requiring dialysis or a kidney transplant).
884	Here is a method for treating skin conditions that uses steam, baby oil, and moisturizer. 1. Put water in a pan and bring to a rapid boil. The more water the longer it will last at a boil, so, put enough in for 8 minutes. Usually, about 3 inches (7.6 cm) of water from bottom of pan.
885	Disk Wipe. Disk Wipe is a free utility for wiping data from a hard disk in a secure manner. Like Eraser, Disk Wipe includes a number of different algorithms, including DoD 5220-22.M, and Peter Guttman. The really nice thing about this utility is that it is portable, so you don't have to install it to be able to use it.isk Wipe. Disk Wipe is a free utility for wiping data from a hard disk in a secure manner. Like Eraser, Disk Wipe includes a number of different algorithms, including DoD 5220-22.M, and Peter Guttman. The really nice thing about this utility is that it is portable, so you don't have to install it to be able to use it.
886	An IQ test score is calculated based on a norm group with an average score of 100 and a standard deviation of 15. The standard deviation is a measure of spread, in this case of IQ scores. A standard devation of 15 means 68% of the norm group has scored between 85 (100 – 15) and 115 (100 + 15).
887	The neurons carrying information to the SCN, however, take a different path. They exit the optic chiasm and turn upward, toward the SCN (suprachiasmatic means above the chiasm). The SCN is a small, paired, wing-shaped structure in the hypothalamus, located at the base of the brain. The animation shows the isolated left SCN, optic nerve, and eye, while the right SCN is shown embedded within the hypothalamus in the brain. Within each side of the SCN is a network of up to several thousand neurons.
888	Powerade Zero 0 g 0 tsps. Limiting the amount of sugar you eat and drink significantly decreases the risk of dental caries. Not. only does the amount of sugar you consume affect your smile, but it also leads to weight gain and. decreases the intake of important nutrients.
889	There are many exemptions to Maryland’s inheritance tax. The inheritance tax does not apply when property is inherited by the deceased person’s: 1  spouse. 2  child (biological or legally adopted), stepchild, former stepchild, grandchild, or other lineal descendant.  parent (including stepparent or former stepparent)
890	Card Access Control Average Costs. Expect to pay an average of $1,500 to $2,500 per door for a high quality system for up to 150 people. If you’re looking for a card access service that will service 150+ employees and have two to three access doors it will cost upwards of $2,500 to $3,500.
891	The Red Cross CNA Training Program prepares individuals with the information and the experience needed to become a Nurse Assistant who will provide quality care for residents in long-term care facilities, hospitals, home health care and hospice settings.
892	1. 1  a word having the same or nearly the same meaning as another in the language, as happy, joyful, elated. A dictionary of synonyms and antonyms (or opposites), such as Thesaurus.com, is called a thesaurus.
893	Analysis of the levels of toxic metals in urine after the administration of a metal detoxification agent is an objective way to evaluate the accumulation of toxic metals. Acute metal poisoning is rare.
894	Summertime Ball. The Summertime Ball is an annual music event organised by Capital FM. First held in Arsenal s Emirates Stadium in 2009, it has since moved to Wembley Stadium where it has been held ever since.The festival chooses to donate a portion of it s profit to the Help a Capital Child charity.he Summertime Ball is an annual music event organised by Capital FM. First held in Arsenal s Emirates Stadium in 2009, it has since moved to Wembley Stadium where it has been held ever since.
895	The reasons for these false-negative reactions may include, but are not limited to, the following: 1  Cutaneous anergy (anergy is the inability to react to skin tests because of a weakened immune system) 2  Recent TB infection (within 8-10 weeks of exposure) 3  Very old TB infection (many years)  Very young age (less than 6 months old)
896	New Jersey. New Jersey’s approximately 74,730 registered nurses also earn salaries above the national average. According to the BLS, New Jersey’s average hourly wage for nurses was $36.05, or $74,990 annually, in May 2009.In the Newark metropolitan area, a nurse’s average annual salary is even higher, at $77,970.hat You Can Expect to Earn as a Nurse. The Bureau of Labor Statistics (BLS) reported that in 2014 nationally, a registered nurse’s median annual salary was $66,640. The lowest 10% of registered nurses on the pay scale earned $45,880 annually, while the top 10% of earners brought in $98,880 in annual pay.
897	Since the federal government pays the interest while you are in school at least half-time, during the grace period, and during periods of authorized deferment, Direct Subsidized Loans are the least expensive federal student loans available.
898	IT Band Causes. The most common cause of IT Band pain is a stress injury, the result of certain muscles surrounding the knee becoming neglected as others strengthen. IT Band injuries most commonly befall runners, and this type of injury is most likely to develop slowly over time.
899	serving or tending to connect: connective remarks between chapters. noun. 2. something that connects. 3. Grammar. a word used to connect words, phrases, clauses, and sentences, as a conjunction.
900	―Peeta Mellark to Katniss Everdeen. Peeta Mellark, a baker's son from District 12, is one of the main characters of the The Hunger Games trilogy. He is a very compassionate person and is good with words. He has been in love with...
901	Components of Medical Words. Most medical terms are compound words made up of root words which are combined with prefixes (at the start of a word) and suffixes (at the end of a word). Thus medical terms that may at first seem very complex can be broken down into their component parts to give you a basic idea of their meaning. neuro- means nerve.
902	Asbestos is a unique mineral in that it was used in so many applications, that it could be found in nearly any industrial or commercial product. Among the many industries known for heavy asbestos use was the automotive industry.hile asbestos was banned in most applications in the late 1970s in the United States by the Environmental Protection Agency and Consumer Product Safety Commission, many older automotive parts still contain the harmful toxin. Asbestos can also be found in trace amounts in newer products as well.
903	The Longest-Reigning Current Monarchs around the World. The living monarchs with the longest reigns today hail from all parts of the world, from Europe to the Middle East and Asia. Depictions of past Thai monarchs are displayed at the Thai Human Imagery Museum. The country's current King is the longest reigning current monarch in the world.
904	Follow the Postal Service on Twitter @USPS_PR and at Facebook.com/usps. 1  This article filed under: 2  News. 3  Buffalo Grove. 4  Deerfield. 5  Mount Prospect. 6  Northbrook. 7  Prospect Heights. 8  Wheeling.
905	Playing Taylor Kinney Reveals Why Lady Gaga Slapped Him When They First Met. Lady Gaga was not smitten with her fiance Taylor Kinney upon first laying eyes on him. In fact, the handsome Chicago P.D. star told Watch What Happens host Andy Cohen that Gaga slapped him during their initial meeting.
906	With a CPA-reported client admissions success rate, a highly coveted A+ Rating from the respected Better Business Bureau, plus hundreds of testimonials and endorsements, The MBA Exchange offers third-party confirmation of performance and professionalism.
907	Cost Factors. When getting a cost quote for painting walls/masonry we suggest you make sure it includes all of the following: Scaffold/access requirements and separate cost for this. Minor cement repairs to render. Preparation work – rub down, moss/mould treatment, etc. Stabilizer. Good quality paint.
908	The Presumption of Intoxication. Recently, I won a workers compensation jury trial on whether or not my client was intoxicated at the time of his injury. Intoxication cases are extremely difficult to win due to both the definition of intoxication and the way that the Division of Workers Compensation decides intoxication cases. There is a strong public policy in favor of maintaining a drug free workplace.
909	Baroid has engineered high-performance water-based fluids that emulate the performance of an invert emulsion fluid. Each fluid system is customized to address specific drilling challenges. Highly inhibitive products combat shale swelling and provide wellbore stability.
910	Numbness or tingling in the hands and/or feet (peripheral neuropathy) Neuropathy means that something is wrong with nerve tissue. Peripheral neuropathy refers more specifically to numbness in the fingers, hands, toes and feet. Although some people in lung cancer treatment never develop this condition, it is a fairly common occurrence. It may get better over time or the problem may continue after treatment.
911	1 Smooth muscle or involuntary muscle is found within the walls of organs and structures such as the esophagus, stomach, intestines, bronchi, uterus, urethra, bladder, blood vessels, and the arrector pili in the skin (in which it controls erection of body hair).
912	Popular sovereignty is the belief that the state is created by the mandate of its people, who are the source of all political power. It is closely associated to the social contract philosophers, among whom are Thomas Hobbes, John Locke and Jean-Jacques Rousseau. The notion that power lies with the people.
913	A mayor is an elected person who serves as the head of a city’s government. He or she has many responsibilities and follows a goal of making that city a great place for its residents to live. Mayors decide how to spend money on local programs, construction projects, parks, city streets, and other things.At city council meetings, where local officers discuss current and upcoming plans for their areas, the mayor listens to everything and has the power to vote on which plans should be put into practice.e or she has many responsibilities and follows a goal of making that city a great place for its residents to live. Mayors decide how to spend money on local programs, construction projects, parks, city streets, and other things.
914	The pantheon of the Maya is a vast collection of deities who were worshipped throughout the region which, today, comprises Yucatan, Quintana Roo, Campeche, Tabasco, and Chiapas in Mexico and southward through Guatemala, Belize, El Salvador and Honduras.
915	UV STERILIZER for Water is purification system, effective in killing airborne and waterborne bacteria. used to treat and clean water from polluted sources. UV STERILIZER for Water is purification system, effective in killing airborne and waterborne bacteria. used to treat and clean water from polluted sources.
916	General surgeon salary and wage in USA. Based on percentiles, the median yearly salary for 90th percentile of surgeons has been around $419,139. Similarly, about 75th percentile of surgeons received $367,032, 25th percentile of them received $271,246 while 10th percentile received $236,145 per year.
917	In a basic handstand the body is held straight with arms and legs fully extended, with hands spaced approximately shoulder-width apart. There are many variations of handstands, but in all cases a handstand performer must possess adequate balance and upper body strength.andstands are also commonly used in breakdance, often used for complex 'freezes'. In the nature of breakdance there is no correct style of handstand, with an 'anything goes' mentality. Legs will be bent, shoulders closed, head facing any direction-the goal is to create as interesting and complex shapes as possible.
918	Greek lexicon based on Thayer's and Smith's Bible Dictionary plus others; this is keyed to the large Kittel and the Theological Dictionary of the New Testament.. These files are public domain. Bibliography Information. Thayer and Smith. Greek Lexicon entry for Kruptos. The NAS New Testament Greek Lexicon.
919	Diverticulitis occurs when a small pocket on the wall of the colon ruptures. If the hole seals quickly, one may be treated as an out-patient with oral antibiotics. Often, the inflammation is more severe, requiring IV antibiotics in the hospital.
920	Age and discount policies vary by theater. Generally, a child ticket category is considered to be for children between 2 and 11 years old and a senior ticket category is considered to be 65 years old and over. However, some theaters may have additional restrictions or use a different age break.enerally, a child ticket category is considered to be for children between 2 and 11 years old and a senior ticket category is considered to be 65 years old and over.
921	Certification for EKG technicians, which results in the title of Certified Cardiographic Technician (CCT), is available from Cardiovascular Credentialing International (CCI). To qualify for certification, you need to have completed certain work or education requirements (cci-online.org).
922	A point source is a single, identifiable source of pollution (Wikipedia), such as a pipe or a drain. Industrial wastes are commonly discharged to rivers and the sea in this way.
923	Machias & East Machias residents sign up here to register to receive FREE smoke alarms from the American Red Cross and Emera Maine... Learn More. At times, Emera Maine customers may be targeted by scammers, claiming to be representing the utility. Learn more to safeguard yourself against suspicious calls ...
924	[ syll. ma-lou, mal-ou ] The baby girl name Malou is of French origin. It is used mainly in the English, French, and German languages. Malou is a variant of Malu (French, Hawaiian, and Portuguese). Malou is also a familiar form of Marie Louise (French) in the English, French, and German languages.Malou is not frequently used as a baby girl name. It is not listed in the top 1000. syll. ma-lou, mal-ou ] The baby girl name Malou is of French origin. It is used mainly in the English, French, and German languages. Malou is a variant of Malu (French, Hawaiian, and Portuguese). Malou is also a familiar form of Marie Louise (French) in the English, French, and German languages.
925	In Excel, select the worksheet data that you want to copy to a Word document. On the Home tab, in the Clipboard group, click Copy. Keyboard shortcut You can also press CTRL+C. In the Word document, click where you want to paste the copied worksheet data.
926	Better than easy -- it's effortlessDirect Deposit is the fastest and most convenient way for receive your deposit. Here are just a few of the advantages:Your money is immediately available.Your money is typically in your account before your workday begins.Save yourself a trip to the bank.To set up Direct Deposit with
927	Edie fills her tarts with either Bavarian cream - a combination of custard powder blended with milk, vanilla and a small amount of nondairy whipped topping folded into heavy whipped cream - or a cooked, cooled custard (a basic pastry cream) with some whipped cream folded in.
928	If possible, it would be in your best interest to wait until age 59.5 or older to withdraw funds from your 401K. This way you will only owe tax on the money, and can avoid a 10 percent penalty. Always remember: the money you put into your 401K is not taxed. But you will pay taxes when you withdraw the funds.
929	Family and friends of Dubose, who was shot by University of Cincinnati police July 19, are asking the prosecutors office for the body camera footage of the incident that started as a traffic stop but ended in a fatal shooting death of Debose.
930	Your resume is a chance to showcase how your skills, experience, and knowledge have produced quantitative results for previous employers. Avoid overusing I and focus instead on what you can bring to company and role you're interest in. Remember, it's less about you and more about them.
931	Diana Gabaldon and her Webmistress would love to help all of you with complete information, but it is important to understand that Diana does not control when the Outlander TV series is shown or released on DVDs or Blu-Ray in different countries around the globe.
932	Use the following tips if you want to write a genre analysis essay that will truly stand out: 1  Provide some additional information on the genre itself. Although people often use the names of different genres in everyday conversations, few actually understand all their nuances. 2  Consider your audience.
933	Pipelines are generally buried and therefore the outside pipe surface is not available for visual. inspection. To overcome this restriction, tools have been developed to inspect the pipe wall. thickness, position, and geometry from inside the pipeline, hence the reference to in-line. inspection (ILI).
934	But that wouldn’t be true. Johnson was a man of his time, and bore those flaws as surely as he sought to lead the country past them. For two decades in Congress he was a reliable member of the Southern bloc, helping to stonewall civil rights legislation.
935	So 550 BC means 550 years before Jesus was born. And 2000 AD almost means 2000 years after Jesus was born ... ... except AD started at 1, not 0. So, 2 AD is actually 1 Year after Jesus was born. And 2000 AD is actually 1999 Years after Jesus was born.nd if you continue counting years from then you get our current year number. So, AD is now just a Year Number (every New Year we add 1), and it only roughly equals how many years ago that Jesus Christ was born.
936	(CNN)Biggest Loser host and fitness trainer Bob Harper said he is thankful to be alive after suffering a mid-February heart attack at age 51 while working out in a New York City gym. I had what they call a widowmaker. ...
937	UW-La Crosse has entered into a partnership with UW Credit Union to provide banking services to the campus community. In addition to providing surcharge-free ATMs on campus and online banking, UW Credit Union will open a full-service branch in the new student center in January. An interim branch opens in 228 Cartwright Center Wednesday, Aug. 31, for use during fall semester.
938	Rating Newest Oldest. Best Answer: chicken & fish There are many different amino acids that you body must have. Your body produces some essential amino acids while others must be found in another source such as various types of high protein foods or supplements. Regardless of the type of high protein foods you eat the first thing you need to do is to determine the actual amount of protein in the food.
939	The extended list of topics containing much new material, pictures and audio clips is to to found in the History section. All pictures, unless otherwise stated, are from the archives of the Kings Langley Local History and Museum Society (KLLH&MS). Please contact us with any queries, and especially, let us know if you can supply any further information.
940	I hope not! I'm a guy and sometimes my stomach is bloated and hurts. If that meant I'm pregnant I'd really doubt my gender.
941	Princeton's WordNet(0.00 / 0 votes)Rate this definition: 1  imprint(noun) a distinctive influence. English stills bears the imprint of the Norman invasion. 2  depression, impression, imprint(noun) a concavity in a surface produced by pressing. he left the impression of his fingers in the soft mud.
942	TTP: Syndrome of hemolytic anemia, thrombocytopenia, and acute renal failure, with pathological finding of thrombotic microangiopathy in kidney and renal cortical necrosis. Source: Diseases Database.
943	OhioHealth - 120 reviews - Columbus, OH 43215 (Downtown area) Job Title Protective Service Officer Armed/OPOTA Job ID 953750 Location Grant Medical Center Full/Part Time Full-Time Favorite Job Regular/Temporary Regular.
944	--TX--Tarrant County--Colleyville Municipal Court: Traffic Lawyers--TX--Tarrant County
945	Welcome to KEYSTONE FENCE PRODUCTS. We offer Parmak or Parker McCrory brand fence chargers and energizers to professional farmers, ranchers as well as hobby farmers. Parmak is the worlds oldest name in electric fencing and largest volume manufacturer of electric fencers.
946	1 Preheat oven to 350 degrees F (175 degrees C). 2  In a heavy saucepan or skillet, brown the ground beef and onions. Season the ground beef mixture with garlic salt and set aside.  In a skillet, fry the tortillas in vegetable oil. Spoon some meat mixture and cheese into the center of each tortilla, roll them up and arrange them in a 9x13 inch baking dish or oblong pan. Pour the enchilada sauce over the rolled enchiladas and top with any remaining meat or cheese.
947	Certified Humane Raised and Handled is a certification and labeling program that is the only animal welfare label requiring the humane treatment of farm animals from birth through slaughter.
948	The performance rate in Endpoint is in Megabytes, and task manager’s network transfer rate (I assumed you issued it to check the connection speed, right?) is in the Megabits. Keeping in mind that 1 megabit [Mb] = 0.125 megabyte [MB] - your output looks good
949	Fresh aronia berries are commonly used to make juice, jam, syrup, and wine. Dried aronia berries, which are available in many health food stores, can be eaten as a healthy snack, added to muesli, or used in muffins and other baked goodies.
950	We hear it as the change in pitch of a train's horn as it passes us, says Watson. In light waves, it causes things moving towards you to shift to shorter wavelengths at the blue end of the spectrum. And objects moving away from you shift to longer frequencies, at the red end of the spectrum.. Astronomers used the Doppler effect to find the new solar system, says Watson.
951	The rabies incubation period may vary from a few days to several years, but is typically one to three months.During this time, the rabies virus is multiplying within the body. At some point, the rabies virus will travel along nerve cells to the brain.ventually, the virus cause rabies symptoms to develop. The period from the time from infection to the onset of symptoms is known as the rabies incubation period.
952	How long and at what temperature should I cook a beef roast in the oven? Roasting is a great cooking method for a large, tender cut of beef  such as a rib or sirloin roast.Sirloin-tip, rump, rolled-rump, eye-of-round or top-round roasts will also benefit from this cooking method if they are graded prime or choice. sirloin roast of 8- to 12-lbs will take 16-20 minutes for rare, 20-22 for medium rare, 23-25 for medium, and 26-30 for well done. A boneless top round, by contrast, will take 28-30 minutes for rare, 30-33 for medium rare, 34-38 for medium, and 40-45 for well done.
953	Pour tequila into a shot glass. Add the sambuca and a few drops of tabasco sauce (or 2 - 3 coffee beans). Pour some sambuca all over the glass and ignite. Let it burn for approx. 10 to 20 seconds. Sip through a straw, or extinguish to drink.
954	Good PSAT Scores for Sophomores Average scores (scores in the 50th percentile) are around 42 in each section, or about 126 total. A good score would be higher than average. This chart shows estimates for the minimum section and composite scores you would need to make it in the 70th, 80th, 90th, and 99th percentiles.
955	DIY Battery Reconditioning Guide. If you want to learn more on how to recondition a battery, you can check out the Reconditioning Battery guide by Les Oke. Les and his family have been living off the power grid for more than 15 years. To commute, the whole family use a pure electric car.
956	duplex - a house with two units sharing a common wall. duplex house, semidetached house. house - a dwelling that serves as living quarters for one or more families; he has a house on Cape Cod; she felt she had to get out of the house. duplex apartment. apartment, flat - a suite of rooms usually on one floor of an apartment house.
957	No it is not bad to eat to many bananas.Its bad if that's all u eat but its like any other fruit it means your getting a lot of nutrition from the bananas. I eat 2 bananas a day, but when I eat 3 or more a day, my semen volume increases a lot. And she just loves it. Bananas and pineapples makes it taste better. Go for it guys, shoot it on to her face, taste good and smells good too. It would depend on exactly how many you ate, but bananas are very high in potassium.
958	Offset Loan. Offset Loan. A type of loan in which the borrower maintains a savings account with the lender so that the account balance is netted against the loan outstanding for purpose of interest calculation. The interest rate on Offset loans is typically higher than the ones without this feature.
959	The timing of two cosmic events will present skywatchers with a great opportunity to see Venus in the daytime sky on Friday, if weather conditions are good. Venus is the third brightest natural object in the sky, behind the sun and the moon. Even though Venus is very bright, it's not always easy to find in the daytime sky. But on Dec. 6, Venus shines at its brightest, with a brightness magnitude of -4.9. Brighter stars have lower magnitude numbers. The brightest stars in sky are a magnitude 1, while the full moon is a magnitude -12.7, for example.
960	Palermo average June sea temperature. Max: 26.6°C / 79.9°F. Avg: 23.1°C / 73.6°F. Min: 20.2°C / 68.3°F. These figures are calculated from several years of recorded data and are the maximum, minimum and average temperatures of all the recorded years. Average daily June sea temperatures. Monthly Palermo water temperature chart.
961	Learn about the education and preparation needed to become a music producer. Get a quick view of the requirements as well as details about degree programs, job duties and employment outlook to find out if this is the career for you.usic Producer Job Summary. Music producers should be able to bring out the best in recording artists through their knowledge of vocal and instrumental arrangements. Some producers hire musicians and singers to perform selected songs; other producers are hired by bands or solo artists to oversee recording sessions.
962	Two of the major reasons why you or someone you know might smell like a used sock in a high school football locker is due to two chemical compounds called ammonia and aldehydes. Ammonia toxicity and aldehyde toxicity are two common findings in clinical practice and both can wreak havoc on your health and not only leave you searching for a stronger deodorant, but also with physical, mental and neurological symptoms.
963	Chromium is a steel-gray lustrous metal that is important as an additive in the manufacture of steel alloys (chrome steel, chrome-nickel steel, stainless steel) and greatly increases the durability and resistance of these metals; hence its use in metal prosthetic implants.
964	1 For patients not covered by health insurance, radiation therapy can cost $10,000-$50,000 or more, depending on the type of cancer, number of treatments needed and especially the type of radiation used. For patients covered by health insurance, out-of-pocket costs for radiation therapy typically consist of doctor visit, lab and prescription drug copays as well as coinsurance of 10%-50% for procedures and surgery.
965	Universal Grammar (UG) is a theory in linguistics, usually credited to Noam Chomsky, proposing that the ability to learn grammar is hard-wired into the brain.It is sometimes known as 'mental grammar', and as opposed to other 'grammars', e.g. prescriptive, descriptive and pedagogical.he distinction is important because there is a long history of argument about UG*, whereas most people working on language agree that there is Universal Grammar. Many people assume that Chomsky means UG* when he writes UG (and in some cases he might actually mean UG*, though not in the passage quoted above).
966	The story behind the name: Perseus was the son of the Greek god Zeus and the mortal princess Danae. Perseus' grandfather, Acrisius, the king of Argos, was warned by an oracle that he would be killed by his grandson. Acrisius locked his daughter Danae in a dungeon to prevent her bearing a child.
967	Foods That Will Increase Testosterone Production. Testosterone, or also known as the “male” hormone is an androgenic and anabolic steroid produced in the testes in men and in very small amounts in ovaries in women. Men produce about 50 to 60 percent more testosterone than women.
968	Double jointing is performed at our facilities using state-of-the-art welding methods and accurate non-destructive testing controls. Tenaris provides double jointing services to oil and gas companies in order to reduce delivery and pipe laying times, which represents a large portion of the total CAPEX of an offshore development.
969	What is $Windows.~WS and Where/How/When is it Used? As I mentioned, this folder is found inside your Windows Drive after the up-gradation process. During upgrade process, important data from your previous version of Windows is backed-up. This data includes Windows folders, profiles, program file directory and other important locations.
970	Which side is the best at Victoria Falls: Zimbabwe or Zambia? This depends entirely on your vacation wishes. Both sides offer magnificent views of the Falls, but it’s your accommodation preferences and choice of activities that might influence your decision.
971	Louis Racine. Louis Racine (born November 6, 1692, Paris; died January 29, 1763, Paris) was a French poet of the Age of the Enlightenment.
972	The nitrogenous bases on the two strands of DNA pair up, purine with pyrimidine (A with T, G with C), and are held together by weak hydrogen bonds. Watson and Crick discovered that DNA had two sides, or strands, and that these strands were twisted together like a twisted ladder -- the double helix.
973	The repurchase of shares has slightly reduced the total dividend Apple pays. While the company reports $2.8 billion in dividend payments for FQ1, at $0.47 per share the 5.825 billion shares outstanding would appear to total $2.73 billion, a $70 million reduction over the previous quarter's dividends.ever miss an update Follow AppleInsider. Follow @AppleInsider. On February 12, Apple will pay shareholders of record a quarterly dividend of $0.47 per share, but investors will need to buy shares by February 5th (to have settled ownership of the company's stock by the market's close on February 9) in order to qualify.
974	Coir ( /ˈkɔɪər/), or coconut fibre, is a natural fibre extracted from the husk of coconut[1] and used in products such as floor mats, doormats, brushes and mattresses. Coir is the fibrous material found between the hard, internal shell and the outer coat of a coconut.
975	Typically, you will need to install smaller rods 1 lower than the finished length, while rods with a diameter of 2 or more will need to be installed approximately 2 lower (if you want the drapery to touch the floor).• For a layered look, convert an existing single rod into a double with our conversion kit (C).
976	introDUCtion: tHe BeneFits oF an eFFeCtive Corporate internal investigation. Corporations are being scrutinized today as never before. Public and private companies alike are examined and in-. vestigated not only by the U.S. government, but by increas-. ing numbers of local, state, and foreign government agen-. cies.
977	Quick Answer. The standard size for a patio door depends on the style, with hinged versions measuring 71 1/4 inches by 79 1/2 inches and sliding door versions available in three basic sizes. Patio doors are typically available in two- and four-panel configurations.
978	• NADH, FADH2 – discuss role and how much energy each one produces. o NADH and FADH2 carry electrons released as GLUCOSE is broken down in. GLYCOLYSIS and KREBS CYCLE to the ETC where they release the. electrons to the ETC and the energy is used to make a H+ concentration. gradient used to power ATP Production. o 1 NADH makes 3 ATP, 1 FADH2 makes 2 ATP. Step in Cellular.
979	** There is no additional charge for the air brake test if you are taking a road test for a class. 1, 2, 3, 4 or 5 licence and the vehicle you are using for the test is equipped with air brakes. • No cost applies for tests in these two situations: • You’re 65 or older; or.
980	Quickly convert time in Istanbul, Turkey to India Standard Time (IST) with this easy-to-use, modern time zone converter.
981	The requirement for vWF propeptide cleavage was shown by (1) a point mutation of the vWF propeptide cleavage site yielding pro-vWF that was defective in factor VIII binding and (2) correlation between efficiency of intracellular propeptide cleavage and factor VIII binding.
982	The Korean War, often referred to as The Forgotten War, was fought from June 25, 1950, to July 27, 1953. This website is dedicated to thanking and honoring all the veterans of the Korean War, their families, and especially those who lost loved ones in that war.
983	The preferred currency in the Republic South of Ireland) is the actual currency of the Republic which is the Euro. North of the border, the preferred currency is Sterling, which is the actual currency there.
984	IMRC Forms; IMRC Publications; Sister Sites. JIT; CIS; INDO-US; SAHAYATA; Donate Now; $ 0.00 0 items
985	Marketing Manager in Dallas, Texas Salary. The average salary for a Marketing Manager in Dallas, Texas is $62,601 per year. Most people move on to other jobs if they have more than 20 years' experience in this career. $41,416 - $95,661. (Median)
986	Cass Scenic Railroad State Park. Located in eastern West Virginia, Cass Scenic Railroad is accessible by State Route 28/92N between Dunmore and Green Bank in Pocahontas County.
987	But really, it depends on the length of the exam, how much coffee you drink, and what your metabolism is like. Fat little babies take 100 hours to metabolise caffeine to half it's original amount in the body, whereas skinny cigarette smokers can burn through the same amount in just 3 hours.
988	On to the BIG Casino in the sky... While it is always sad to see one of the grand dames of Las Vegas bite the dust, we must remember... without their demise we would not have Bellagio, Mandalay Bay, Venetian, Wynn Las Vegas, Aladdin (again), and a giant parking lot where the Landmark stood.
989	Pipe Lighters. Both cigar and pipe lighters should be butane. There is no exception to that rule. However, there are differences between the two types of lighters. Cigar lighters, or torch lighters as they’re often called, offer a far more aggressive and hot flame that rises from the top of the lighter.
990	LAC is one of Asia's fastest growing cyber security specialists and has been a major contributor to Japan's cyber security infrastructure through LAC's signature services and facilities, including the Japan Security Operation Center (JSOC) of Japan's largest SOC, Cyber Security Laboratory (CSL) and Cyber Emergency Center (CEC).
991	Basically a beguine is a popular ballroom dance. But, as with other dances, it's roots have a rhythmic foundation. Most know the word, Beguine through Cole Porter's popular big band song, Begin the Beguine. As drummers, we should know how to approach a beguine rhythm in case we're called to play one.
992	However, if the Y does not provide a separate vowel sound, as when it is coupled with another vowel, it is considered a consonant. In names such as Maloney or Murray, the Y is a consonant, because the vowel sound depends upon the long E in Maloney and the long A in Murray. In general, the Y is a consonant when the syllable already has a vowel.
993	Grill: Pre-heat grill to a medium-high heat (about 400°F). Apply a light coat of olive oil to the surface of the quail and season. Place quail on grill breast side down. Cook for 5-7 minutes. Flip the quail and cook for another 5-7 minutes. The quail is done when meat is slightly firm (it will feel like a cooked chicken breast) and juices run clear. Oven: Pre-heat oven to 350°F. Heat a sauté pan over medium-high heat with enough olive oil to coat the bottom.
994	The term male menopause is sometimes used to describe decreasing testosterone levels or a reduction in the bioavailability of testosterone related to aging. Female menopause and so-called male menopause are two different situations, however.any doctors use the term andropause to describe aging-related hormone changes in men. Other terms include testosterone deficiency syndrome, androgen deficiency of the aging male and late-onset male hypogonadism.
995	Rose Name Meaning. The meaning of Rose is “Of the Rose Blossom; Rose flower”. Keep in mind that many names may have different meanings in other countries and languages, so be careful that the name that you choose doesn’t mean something bad or unpleasant.
996	The three organelles that contain DNA are the nucleus, mitochondria and chloroplasts. Organelles are membrane-bound subunits within a cell -- analogous to organs in the body -- that perform specific functions. The nucleus is the control center of the cell, and houses genetic information.
997	Soldering and brazing involve the same bonding mechanism except that soldering is defined as using filler metals that melt below 450ºC and brazing uses filler metals that melt above this temperature. In both soldering and brazing the bonding mechanism is a reaction between the filler metal and the parent metal or metals. Brazing and
998	Re: How should I raise my bed in order to avoid acid reflux at night? The best way (most expensive) would be to purchase an electric bed that raises and lowers head and/or feet. The lower part of bed could be adjusted to keep you from sliding out of bed and upper part elevate upper body amount needed.
999	SkyMiles® - Complimentary Medallion/Elite Upgrades. Medallion members receive unlimited Complimentary Upgrades for themselves and a travel companion. The upgrades are booked in R/O inventory, are subject to availability and are valid with most published fares on Delta Air Lines (DL) and Delta-designated Codeshare flights with R/O inventory.
